{
  "frame": 150000,
  "n_particles": 6408,
  "n_particles_total": 6408,
  "n_particles_filtered": 0,
  "dimension": 2,
  "stress_output_regions": null,
  "von_mises_stress": {
    "min": 0.0,
    "max": 39194.12548359664,
    "mean": 4247.976603824855,
    "std": 3779.1946381504936
  }
}