{
  "frame": 5000,
  "domain1": {
    "n_particles": 6670,
    "n_particles_total": 6670,
    "n_particles_filtered": 0,
    "dimension": 2,
    "von_mises_stress": {
      "min": 1.508977593208989,
      "max": 305.14059411778675,
      "mean": 129.20886478419996,
      "std": 56.62393673049178
    }
  },
  "domain2": {
    "n_particles": 6820,
    "n_particles_total": 6820,
    "n_particles_filtered": 0,
    "dimension": 2,
    "von_mises_stress": {
      "min": 1.152164037936219,
      "max": 598.9794529427212,
      "mean": 276.8578880290192,
      "std": 144.74587351906905
    }
  }
}