{
    "mode": "schwarz",
    "big_domain_solve_time": 19.937873533403035,
    "small_domain_solve_time": 99.97238340933109,
    "other_time": 7.973786981747253,
    "total_time": 127.88404392448138
}