{
  "frame": 85000,
  "n_particles": 6408,
  "n_particles_total": 6408,
  "n_particles_filtered": 0,
  "dimension": 2,
  "stress_output_regions": null,
  "von_mises_stress": {
    "min": 0.0,
    "max": 32.145732905310226,
    "mean": 6.008726419961576,
    "std": 7.14119577008135
  }
}