{
    "grid_sizes": [
        62,
        83,
        125,
        250
    ],
    "dx_values": [
        0.016129032258064516,
        0.012048192771084338,
        0.008,
        0.004
    ],
    "integrated_errors_xx": [
        35.06709141511089,
        30.39170346830232,
        NaN,
        13.010045538708697
    ],
    "integrated_errors_yy": [
        114.4207110250833,
        71.09708860174037,
        NaN,
        29.300699689927672
    ],
    "integrated_errors_total": [
        74.7439012200971,
        50.744396035021346,
        NaN,
        21.155372614318185
    ],
    "convergence_rate": 0.8744319453444168
}