{
    "grid_sizes": [
        62,
        83,
        125,
        250
    ],
    "dx_values": [
        0.016129032258064516,
        0.012048192771084338,
        0.008,
        0.004
    ],
    "integrated_errors_xx": [
        31.395464945779292,
        36.707987969211715,
        29.91298806898655,
        16.699763515941115
    ],
    "integrated_errors_yy": [
        91.39503311016684,
        57.083959214036376,
        40.592787112283396,
        26.433398669174753
    ],
    "integrated_errors_total": [
        61.395249027973065,
        46.89597359162404,
        35.25288759063497,
        21.566581092557932
    ],
    "convergence_rate": 0.7389848396892772
}