{
    "grid_sizes": [
        62,
        83,
        125,
        250
    ],
    "dx_values": [
        0.016129032258064516,
        0.012048192771084338,
        0.008,
        0.004
    ],
    "integrated_errors_xx": [
        19.66255538426894,
        22.848058260208386,
        20.025862178794675,
        16.60683381081163
    ],
    "integrated_errors_yy": [
        73.24005821213758,
        46.914554611082934,
        33.384628253446266,
        17.92587211349338
    ],
    "integrated_errors_total": [
        46.45130679820326,
        34.88130643564566,
        26.70524521612047,
        17.266352962152503
    ],
    "convergence_rate": 0.6929836590641528
}