{
    "grid_sizes": [
        62,
        83,
        125,
        250
    ],
    "dx_values": [
        0.016129032258064516,
        0.012048192771084338,
        0.008,
        0.004
    ],
    "integrated_errors_xx": [
        20.611494256931184,
        30.39170346830232,
        NaN,
        13.010045538708697
    ],
    "integrated_errors_yy": [
        46.766779954151765,
        71.09708860174037,
        NaN,
        29.300699689927672
    ],
    "integrated_errors_total": [
        33.68913710554148,
        50.744396035021346,
        NaN,
        21.155372614318185
    ],
    "convergence_rate": 0.4603851215937475
}