{
  "frame": 500,
  "n_particles": 24976,
  "n_particles_total": 24976,
  "n_particles_filtered": 0,
  "dimension": 2,
  "stress_output_regions": [
    {
      "type": "rectangle",
      "params": {
        "range": [
          [
            0.0,
            1.0
          ],
          [
            0.0,
            1.0
          ]
        ]
      }
    }
  ],
  "von_mises_stress": {
    "min": 0.6663081807264191,
    "max": 260.44908450050497,
    "mean": 72.24541482773765,
    "std": 46.08275629957994
  }
}