{
  "frame": 500,
  "domain1": {
    "n_particles": 24320,
    "n_particles_total": 24320,
    "n_particles_filtered": 0,
    "dimension": 2,
    "von_mises_stress": {
      "min": 1.9127808170757796,
      "max": 192.07694692039115,
      "mean": 33.429655332433484,
      "std": 36.07646622815861
    }
  },
  "domain2": {
    "n_particles": 9141,
    "n_particles_total": 9141,
    "n_particles_filtered": 0,
    "dimension": 2,
    "von_mises_stress": {
      "min": 106.4254286306009,
      "max": 599.772194104798,
      "mean": 277.82162947842266,
      "std": 162.31600559435972
    }
  }
}