{
  "frame": 65000,
  "n_particles": 6408,
  "n_particles_total": 6408,
  "n_particles_filtered": 0,
  "dimension": 2,
  "stress_output_regions": null,
  "von_mises_stress": {
    "min": 0.0,
    "max": 39193.05458610484,
    "mean": 4248.053850653735,
    "std": 3779.0724659328375
  }
}