{
  "frame": 200000,
  "n_particles": 6408,
  "n_particles_total": 6408,
  "n_particles_filtered": 0,
  "dimension": 2,
  "stress_output_regions": null,
  "von_mises_stress": {
    "min": 0.0,
    "max": 39194.11796260285,
    "mean": 4247.989954729026,
    "std": 3779.190097612872
  }
}