{
    "mode": "schwarz",
    "big_domain_solve_time": 7.569033807929372,
    "small_domain_solve_time": 22.379258673841832,
    "other_time": 3.941745074247592,
    "total_time": 33.8900375560188
}