{
  "frame": 145000,
  "n_particles": 6408,
  "n_particles_total": 6408,
  "n_particles_filtered": 0,
  "dimension": 2,
  "stress_output_regions": null,
  "von_mises_stress": {
    "min": 0.0,
    "max": 19002.98303311379,
    "mean": 1308.8273739285344,
    "std": 2359.675716224043
  }
}