{
  "frame": 2000,
  "domain1": {
    "n_particles": 10368,
    "n_particles_total": 10368,
    "n_particles_filtered": 0,
    "dimension": 2,
    "von_mises_stress": {
      "min": 5.105815044993448,
      "max": 2963.4310325098118,
      "mean": 1333.1743427444271,
      "std": 535.6895383548692
    }
  },
  "domain2": {
    "n_particles": 1706,
    "n_particles_total": 1706,
    "n_particles_filtered": 0,
    "dimension": 2,
    "von_mises_stress": {
      "min": 5.521269591333941,
      "max": 5050.23912441088,
      "mean": 2544.8902249421685,
      "std": 1323.1112697717815
    }
  }
}