{
  "frame": 120000,
  "n_particles": 6408,
  "n_particles_total": 6408,
  "n_particles_filtered": 0,
  "dimension": 2,
  "stress_output_regions": null,
  "von_mises_stress": {
    "min": 0.0,
    "max": 7277.178409400226,
    "mean": 724.7626037050164,
    "std": 1215.5118984935814
  }
}