{
  "frame": 296,
  "domain1": {
    "n_particles": 3081,
    "n_particles_total": 3081,
    "n_particles_filtered": 0,
    "dimension": 2,
    "von_mises_stress": {
      "min": 2.1113345735939753,
      "max": 1148.0341152679903,
      "mean": 573.6912213024476,
      "std": 282.54292063214643
    }
  },
  "domain2": {
    "n_particles": 1201,
    "n_particles_total": 1201,
    "n_particles_filtered": 0,
    "dimension": 2,
    "von_mises_stress": {
      "min": 0.04744099126920312,
      "max": 21.343750163077996,
      "mean": 6.235115112893195,
      "std": 5.687452507070403
    }
  }
}