{
  "frame": 190000,
  "n_particles": 6408,
  "n_particles_total": 6408,
  "n_particles_filtered": 0,
  "dimension": 2,
  "stress_output_regions": null,
  "von_mises_stress": {
    "min": 0.0,
    "max": 11.632167493590451,
    "mean": 2.1921219143156714,
    "std": 2.5967238998640587
  }
}