{
  "frame": 3000,
  "n_particles": 15864,
  "n_particles_total": 15864,
  "n_particles_filtered": 0,
  "dimension": 2,
  "stress_output_regions": [
    {
      "type": "rectangle",
      "params": {
        "range": [
          [
            0.0,
            1.0
          ],
          [
            0.0,
            1.0
          ]
        ]
      }
    }
  ],
  "von_mises_stress": {
    "min": 1.071839974931353,
    "max": 248.876612526105,
    "mean": 72.10983901701931,
    "std": 45.728170970006694
  }
}