{
    "grid_sizes": [
        25,
        33,
        50,
        100
    ],
    "dx_values": [
        0.016,
        0.012121212121212121,
        0.008,
        0.004
    ],
    "integrated_errors_xx": [
        NaN,
        NaN,
        13.590571595725288,
        9.77525150183166
    ],
    "integrated_errors_yy": [
        NaN,
        NaN,
        39.33428831182961,
        28.050407658390778
    ],
    "integrated_errors_total": [
        NaN,
        NaN,
        26.46242995377745,
        18.912829580111218
    ],
    "convergence_rate": 0.4845803219576873
}