{
    "grid_sizes": [
        25,
        33,
        50,
        100
    ],
    "dx_values": [
        0.016,
        0.012121212121212121,
        0.008,
        0.004
    ],
    "integrated_errors_xx": [
        60.207093267944195,
        31.747397733927095,
        16.000319843979128,
        10.026191344962497
    ],
    "integrated_errors_yy": [
        103.47442113611703,
        67.76236245032668,
        45.69955033338958,
        22.988033500392092
    ],
    "integrated_errors_total": [
        81.84075720203062,
        49.75488009212688,
        30.849935088684354,
        16.507112422677295
    ],
    "convergence_rate": 1.1209536733556513
}