{
  "frame": 120000,
  "n_particles": 6408,
  "n_particles_total": 6408,
  "n_particles_filtered": 0,
  "dimension": 2,
  "stress_output_regions": null,
  "von_mises_stress": {
    "min": 0.0,
    "max": 94.17392956034757,
    "mean": 17.75273488575756,
    "std": 20.864303212638188
  }
}