{
    "mode": "schwarz",
    "big_domain_solve_time": 8.116654694953468,
    "small_domain_solve_time": 13.910190288068407,
    "other_time": 3.480863648979721,
    "total_time": 25.507708632001595
}