{
  "frame": 2000,
  "domain1": {
    "n_particles": 48636,
    "n_particles_total": 48636,
    "n_particles_filtered": 0,
    "dimension": 2,
    "von_mises_stress": {
      "min": 5.153347699167784,
      "max": 215.2203069981935,
      "mean": 48.19221349966921,
      "std": 18.908911681743664
    }
  },
  "domain2": {
    "n_particles": 3590,
    "n_particles_total": 3590,
    "n_particles_filtered": 0,
    "dimension": 2,
    "von_mises_stress": {
      "min": 1.2608519758922294,
      "max": 1317.2200058682356,
      "mean": 73.5396846939766,
      "std": 88.85829288674282
    }
  }
}