{
  "frame": 3500,
  "domain1": {
    "n_particles": 5832,
    "n_particles_total": 5832,
    "n_particles_filtered": 0,
    "dimension": 2,
    "von_mises_stress": {
      "min": 14.571450225515743,
      "max": 6748.7327151709915,
      "mean": 2400.1707126122296,
      "std": 1276.170931292465
    }
  },
  "domain2": {
    "n_particles": 1706,
    "n_particles_total": 1706,
    "n_particles_filtered": 0,
    "dimension": 2,
    "von_mises_stress": {
      "min": 8.619577436611761,
      "max": 11698.924353681237,
      "mean": 5886.257543880242,
      "std": 3081.936137993188
    }
  }
}