{
    "mode": "schwarz",
    "big_domain_solve_time": 6.522026871039998,
    "small_domain_solve_time": 13.867168475982908,
    "other_time": 3.296608827986347,
    "total_time": 23.685804175009253
}