{
    "mode": "schwarz",
    "big_domain_solve_time": 95.5699807369383,
    "small_domain_solve_time": 443.98838773688476,
    "other_time": 77.13953946600668,
    "total_time": 616.6979079398297
}