{
  "frame": 2000,
  "n_particles": 24976,
  "n_particles_total": 24976,
  "n_particles_filtered": 0,
  "dimension": 2,
  "stress_output_regions": [
    {
      "type": "rectangle",
      "params": {
        "range": [
          [
            0.0,
            1.0
          ],
          [
            0.0,
            1.0
          ]
        ]
      }
    }
  ],
  "von_mises_stress": {
    "min": 0.6532713026095571,
    "max": 260.42490483565103,
    "mean": 72.20434686575871,
    "std": 46.142718204571736
  }
}