{
  "frame": 80000,
  "n_particles": 6408,
  "n_particles_total": 6408,
  "n_particles_filtered": 0,
  "dimension": 2,
  "stress_output_regions": null,
  "von_mises_stress": {
    "min": 0.0,
    "max": 261.5398216431774,
    "mean": 48.7166331686398,
    "std": 57.20393576068876
  }
}