{
    "mode": "schwarz",
    "big_domain_solve_time": 264.4582025864074,
    "small_domain_solve_time": 651.5806374061794,
    "other_time": 182.082826715603,
    "total_time": 1098.1216667081899
}