{
  "frame": 0,
  "domain1": {
    "n_particles": 10368,
    "n_particles_total": 10368,
    "n_particles_filtered": 0,
    "dimension": 2,
    "von_mises_stress": {
      "min": 192307.6923076923,
      "max": 192307.6923076923,
      "mean": 192307.69230769234,
      "std": 2.9103830456733704e-11
    }
  },
  "domain2": {
    "n_particles": 10623,
    "n_particles_total": 10623,
    "n_particles_filtered": 0,
    "dimension": 2,
    "von_mises_stress": {
      "min": 192307.6923076923,
      "max": 192307.6923076923,
      "mean": 192307.6923076923,
      "std": 0.0
    }
  }
}