{
  "frame": 120000,
  "n_particles": 6408,
  "n_particles_total": 6408,
  "n_particles_filtered": 0,
  "dimension": 2,
  "stress_output_regions": null,
  "von_mises_stress": {
    "min": 0.0,
    "max": 749.843176766323,
    "mean": 142.96391807438732,
    "std": 162.5223042244697
  }
}