{
    "mode": "schwarz",
    "big_domain_solve_time": 19.929143722940353,
    "small_domain_solve_time": 87.89778135088636,
    "other_time": 13.84527405217159,
    "total_time": 121.6721991259983
}