{
  "frame": 4500,
  "n_particles": 4312,
  "n_particles_total": 4312,
  "n_particles_filtered": 0,
  "dimension": 2,
  "stress_output_regions": [
    {
      "type": "rectangle",
      "params": {
        "range": [
          [
            0.0,
            1.0
          ],
          [
            0.0,
            1.0
          ]
        ]
      }
    }
  ],
  "von_mises_stress": {
    "min": 1.5060705461568753,
    "max": 3949.894954594698,
    "mean": 191.89213714984052,
    "std": 192.93109988058322
  }
}