{
    "mode": "schwarz",
    "big_domain_solve_time": 21.359428995012422,
    "small_domain_solve_time": 110.46244039397789,
    "other_time": 15.217396342974098,
    "total_time": 147.0392657319644
}