{
    "grid_sizes": [
        25,
        33,
        50,
        100
    ],
    "dx_values": [
        0.016,
        0.012121212121212121,
        0.008,
        0.004
    ],
    "integrated_errors_xx": [
        273.1031852358614,
        209.59439363590067,
        50.16704368637132,
        27.57670598677171
    ],
    "integrated_errors_yy": [
        264.57551809606434,
        216.86418943260946,
        81.7087061129118,
        53.07966813186544
    ],
    "integrated_errors_total": [
        268.8393516659629,
        213.22929153425508,
        65.93787489964156,
        40.32818705931857
    ],
    "convergence_rate": 1.45431573682493
}