{
    "grid_sizes": [
        25,
        33,
        50,
        100
    ],
    "dx_values": [
        0.016,
        0.012121212121212121,
        0.008,
        0.004
    ],
    "integrated_errors_xx": [
        NaN,
        NaN,
        27.780130000995253,
        24.51269472241225
    ],
    "integrated_errors_yy": [
        NaN,
        NaN,
        103.83223009568,
        46.682309235332724
    ],
    "integrated_errors_total": [
        NaN,
        NaN,
        65.80618004833762,
        35.59750197887249
    ],
    "convergence_rate": 0.8864470729990999
}