{
    "mode": "single",
    "solve_time": 44.33135345698247,
    "other_time": 1.3396960790378216,
    "total_time": 45.67104953602029
}