{
  "frame": 5000,
  "n_particles": 6365,
  "n_particles_total": 6365,
  "n_particles_filtered": 0,
  "dimension": 2,
  "stress_output_regions": [
    {
      "type": "rectangle",
      "params": {
        "range": [
          [
            0.0,
            1.0
          ],
          [
            0.0,
            1.0
          ]
        ]
      }
    }
  ],
  "von_mises_stress": {
    "min": 3.9136058954540766e-06,
    "max": 249.72723704989903,
    "mean": 68.09153710709434,
    "std": 45.920387180916116
  }
}