{
  "frame": 60000,
  "n_particles": 6408,
  "n_particles_total": 6408,
  "n_particles_filtered": 0,
  "dimension": 2,
  "stress_output_regions": null,
  "von_mises_stress": {
    "min": 0.0,
    "max": 738.8876037886783,
    "mean": 136.90575842671313,
    "std": 157.7176876677437
  }
}