{
  "frame": 5000,
  "n_particles": 17158,
  "n_particles_total": 17158,
  "n_particles_filtered": 0,
  "dimension": 2,
  "stress_output_regions": [
    {
      "type": "rectangle",
      "params": {
        "range": [
          [
            0.0,
            1.0
          ],
          [
            0.0,
            1.0
          ]
        ]
      }
    }
  ],
  "von_mises_stress": {
    "min": 0.0,
    "max": 253.6591240877911,
    "mean": 67.31169796412306,
    "std": 47.26610485247421
  }
}