{
    "grid_sizes": [
        20,
        40,
        60,
        80
    ],
    "dx_values": [
        0.02,
        0.01,
        0.006666666666666667,
        0.005
    ],
    "integrated_errors_xx": [
        16.47112512083873,
        14.29678522604351,
        12.056429948721558,
        4.70996336682077
    ],
    "integrated_errors_yy": [
        130.1372056761844,
        65.27377998802864,
        37.9938616644728,
        32.43480047006214
    ],
    "integrated_errors_total": [
        73.30416539851157,
        39.78528260703607,
        25.02514580659718,
        18.572381918441458
    ],
    "convergence_rate": 0.9936841384982635
}