{
    "mode": "schwarz",
    "big_domain_solve_time": 93.16598523737048,
    "small_domain_solve_time": 137.78312132196152,
    "other_time": 32.42222598035005,
    "total_time": 263.37133253968204
}