{
  "frame": 864,
  "domain1": {
    "n_particles": 3081,
    "n_particles_total": 3081,
    "n_particles_filtered": 0,
    "dimension": 2,
    "von_mises_stress": {
      "min": 87.90073588829071,
      "max": 5147.455339327989,
      "mean": 1013.6460061208323,
      "std": 321.8374665191273
    }
  },
  "domain2": {
    "n_particles": 1201,
    "n_particles_total": 1201,
    "n_particles_filtered": 0,
    "dimension": 2,
    "von_mises_stress": {
      "min": 229.16267089578764,
      "max": 5257.0459994351295,
      "mean": 651.4596839927705,
      "std": 220.25006966642175
    }
  }
}