{
  "frame": 100,
  "n_particles": 11643,
  "dimension": 2,
  "von_mises_stress": {
    "min": 0.0,
    "max": 2897.2710665437385,
    "mean": 540.9897668041011,
    "std": 379.00411267551846
  }
}