{
  "frame": 500,
  "n_particles": 51207,
  "dimension": 2,
  "von_mises_stress": {
    "min": 0.0,
    "max": 3615.3017159429633,
    "mean": 2426.7989572498905,
    "std": 1301.4806108924627
  }
}