{
  "frame": 820,
  "n_particles": 51207,
  "dimension": 2,
  "von_mises_stress": {
    "min": 0.0,
    "max": 26645.999544064114,
    "mean": 3674.0023998536235,
    "std": 3204.0345945995123
  }
}