{
  "frame": 1000,
  "n_particles": 102766,
  "n_particles_total": 102766,
  "n_particles_filtered": 0,
  "dimension": 2,
  "stress_output_regions": [
    {
      "type": "rectangle",
      "params": {
        "range": [
          [
            0,
            1
          ],
          [
            0,
            1
          ]
        ]
      }
    }
  ],
  "von_mises_stress": {
    "min": 220.79022548267605,
    "max": 4855.627195000301,
    "mean": 1769.1469742913114,
    "std": 519.3603624025316
  }
}