{
    "mode": "schwarz",
    "big_domain_solve_time": 46.81364349706109,
    "small_domain_solve_time": 445.1302360370337,
    "other_time": 17.867761458915083,
    "total_time": 509.81164099300986
}