{
  "frame": 160000,
  "n_particles": 6408,
  "n_particles_total": 6408,
  "n_particles_filtered": 0,
  "dimension": 2,
  "stress_output_regions": null,
  "von_mises_stress": {
    "min": 0.0,
    "max": 7272.486198229461,
    "mean": 724.1550059818017,
    "std": 1214.7217421584096
  }
}