{
  "frame": 200000,
  "n_particles": 6408,
  "n_particles_total": 6408,
  "n_particles_filtered": 0,
  "dimension": 2,
  "stress_output_regions": null,
  "von_mises_stress": {
    "min": 0.0,
    "max": 19003.804781306015,
    "mean": 1308.8744424571314,
    "std": 2359.776891557566
  }
}