{
  "frame": 95000,
  "n_particles": 6408,
  "n_particles_total": 6408,
  "n_particles_filtered": 0,
  "dimension": 2,
  "stress_output_regions": null,
  "von_mises_stress": {
    "min": 0.0,
    "max": 95.27867420044376,
    "mean": 17.985687506726542,
    "std": 21.12336215002131
  }
}