{
  "frame": 2670,
  "domain1": {
    "n_particles": 24320,
    "n_particles_total": 24320,
    "n_particles_filtered": 0,
    "dimension": 2,
    "von_mises_stress": {
      "min": 0.061371970842688264,
      "max": 192.51431381786148,
      "mean": 36.31761231330388,
      "std": 36.2537813843407
    }
  },
  "domain2": {
    "n_particles": 36621,
    "n_particles_total": 36621,
    "n_particles_filtered": 0,
    "dimension": 2,
    "von_mises_stress": {
      "min": 107.42942334757585,
      "max": 742.9005801703149,
      "mean": 285.98702966251847,
      "std": 175.31882437402504
    }
  }
}