{
    "mode": "schwarz",
    "big_domain_solve_time": 78.13202035310678,
    "small_domain_solve_time": 249.20571553710033,
    "other_time": 41.02798680332489,
    "total_time": 368.365722693532
}