{
  "frame": 155000,
  "n_particles": 6408,
  "n_particles_total": 6408,
  "n_particles_filtered": 0,
  "dimension": 2,
  "stress_output_regions": null,
  "von_mises_stress": {
    "min": 0.0,
    "max": 11.693694549122695,
    "mean": 2.2070078352749265,
    "std": 2.612165805580353
  }
}