{
  "frame": 165000,
  "n_particles": 6408,
  "n_particles_total": 6408,
  "n_particles_filtered": 0,
  "dimension": 2,
  "stress_output_regions": null,
  "von_mises_stress": {
    "min": 0.0,
    "max": 94.45307592313415,
    "mean": 17.823638960952348,
    "std": 20.93381280196683
  }
}