{
    "mode": "schwarz",
    "big_domain_solve_time": 104.38984718052961,
    "small_domain_solve_time": 145.97686289013654,
    "other_time": 44.98689574781747,
    "total_time": 295.35360581848363
}