{
    "mode": "schwarz",
    "big_domain_solve_time": 5.524747945033596,
    "small_domain_solve_time": 19.111466893064062,
    "other_time": 3.482294923909649,
    "total_time": 28.118509762007307
}