{
    "mode": "schwarz",
    "big_domain_solve_time": 16.140297413054213,
    "small_domain_solve_time": 100.47019827800978,
    "other_time": 15.60484180795902,
    "total_time": 132.215337499023
}