{
    "grid_sizes": [
        20,
        40,
        60,
        80
    ],
    "dx_values": [
        0.02,
        0.01,
        0.006666666666666667,
        0.005
    ],
    "integrated_errors_xx": [
        15.636638308829637,
        11.765131528106412,
        7.709960450454354,
        5.932437165813319
    ],
    "integrated_errors_yy": [
        111.97097739131851,
        54.65176579518381,
        32.619443212118775,
        28.164676743275358
    ],
    "integrated_errors_total": [
        63.80380785007407,
        33.208448661645114,
        20.164701831286564,
        17.04855695454434
    ],
    "big_domain_solve_time":[
    286.15,
    265.72,
    247.50,
    246.80
    ],
    "small_domain_solve_time":[
    231.13,
    378.89,
    731.65,
    1420.16
    ],
    "other_time":[
    131.03,
    119.86,
    115.61,
    115.55
    ],
    "total_time":[
    648.31,
    764.47,
    1094.76,
    1782.51
    ],
    "convergence_rate": 0.9823703888378831
}