{
  "frame": 2000,
  "domain1": {
    "n_particles": 5832,
    "n_particles_total": 5832,
    "n_particles_filtered": 0,
    "dimension": 2,
    "von_mises_stress": {
      "min": 20.919584014185283,
      "max": 5766.730033798977,
      "mean": 2801.38731316911,
      "std": 1072.8349600337617
    }
  },
  "domain2": {
    "n_particles": 1706,
    "n_particles_total": 1706,
    "n_particles_filtered": 0,
    "dimension": 2,
    "von_mises_stress": {
      "min": 20.529730493722585,
      "max": 9897.250536237476,
      "mean": 5045.5016201229955,
      "std": 2605.7798584914276
    }
  }
}