{
  "frame": 180000,
  "n_particles": 6408,
  "n_particles_total": 6408,
  "n_particles_filtered": 0,
  "dimension": 2,
  "stress_output_regions": null,
  "von_mises_stress": {
    "min": 0.0,
    "max": 11.66023111930664,
    "mean": 2.1982676124749143,
    "std": 2.603420905040478
  }
}