{
  "frame": 180000,
  "n_particles": 6408,
  "n_particles_total": 6408,
  "n_particles_filtered": 0,
  "dimension": 2,
  "stress_output_regions": null,
  "von_mises_stress": {
    "min": 0.0,
    "max": 751.6089258546468,
    "mean": 143.24701726680397,
    "std": 162.8942494584709
  }
}