{
  "frame": 2000,
  "domain1": {
    "n_particles": 10368,
    "n_particles_total": 10368,
    "n_particles_filtered": 0,
    "dimension": 2,
    "von_mises_stress": {
      "min": 6.313167589064699,
      "max": 2932.258819058297,
      "mean": 1324.0769752879821,
      "std": 546.6600696352043
    }
  },
  "domain2": {
    "n_particles": 3809,
    "n_particles_total": 3809,
    "n_particles_filtered": 0,
    "dimension": 2,
    "von_mises_stress": {
      "min": 7.294394182237983,
      "max": 5264.517483988694,
      "mean": 2573.9377355103425,
      "std": 1323.42832772503
    }
  }
}