{
  "frame": 2000,
  "domain1": {
    "n_particles": 48636,
    "n_particles_total": 48636,
    "n_particles_filtered": 0,
    "dimension": 2,
    "von_mises_stress": {
      "min": 5.153347699168228,
      "max": 215.22030699819592,
      "mean": 48.192213499669485,
      "std": 18.908911681743774
    }
  },
  "domain2": {
    "n_particles": 3590,
    "n_particles_total": 3590,
    "n_particles_filtered": 0,
    "dimension": 2,
    "von_mises_stress": {
      "min": 1.2608519758834544,
      "max": 1317.2200058682256,
      "mean": 73.53968469397624,
      "std": 88.85829288674272
    }
  }
}