{
  "frame": 1500,
  "n_particles": 8880,
  "n_particles_total": 8880,
  "n_particles_filtered": 0,
  "dimension": 2,
  "stress_output_regions": [
    {
      "type": "rectangle",
      "params": {
        "range": [
          [
            0.0,
            1.0
          ],
          [
            0.0,
            1.0
          ]
        ]
      }
    }
  ],
  "von_mises_stress": {
    "min": 1.0082579998593508,
    "max": 235.91738092757174,
    "mean": 70.93622869604323,
    "std": 45.65419745161555
  }
}