{
    "mode": "schwarz",
    "big_domain_solve_time": 25.23859512699073,
    "small_domain_solve_time": 97.93994538299012,
    "other_time": 18.658508497018374,
    "total_time": 141.83704900699922
}