{
  "frame": 2000,
  "domain1": {
    "n_particles": 5832,
    "n_particles_total": 5832,
    "n_particles_filtered": 0,
    "dimension": 2,
    "von_mises_stress": {
      "min": 13.877941972126852,
      "max": 2793.7590379344038,
      "mean": 1272.1183081684446,
      "std": 510.6858570196827
    }
  },
  "domain2": {
    "n_particles": 926,
    "n_particles_total": 926,
    "n_particles_filtered": 0,
    "dimension": 2,
    "von_mises_stress": {
      "min": 31.506867009902198,
      "max": 4513.307198654569,
      "mean": 2518.096587063274,
      "std": 1213.4730367488708
    }
  }
}