{
    "mode": "schwarz",
    "big_domain_solve_time": 14.294435796011385,
    "small_domain_solve_time": 26.106909262951376,
    "other_time": 4.724803743043594,
    "total_time": 45.126148802006355
}