{
  "frame": 140000,
  "n_particles": 6408,
  "n_particles_total": 6408,
  "n_particles_filtered": 0,
  "dimension": 2,
  "stress_output_regions": null,
  "von_mises_stress": {
    "min": 0.0,
    "max": 94.63950409250344,
    "mean": 17.86639786968516,
    "std": 20.97773810292789
  }
}