{
  "frame": 1000,
  "n_particles": 102766,
  "n_particles_total": 102766,
  "n_particles_filtered": 0,
  "dimension": 2,
  "stress_output_regions": [
    {
      "type": "rectangle",
      "params": {
        "range": [
          [
            0,
            1
          ],
          [
            0,
            1
          ]
        ]
      }
    }
  ],
  "von_mises_stress": {
    "min": 220.64969262441568,
    "max": 4853.560720463857,
    "mean": 1767.624528672713,
    "std": 518.7334808558782
  }
}