{
  "frame": 125000,
  "n_particles": 6408,
  "n_particles_total": 6408,
  "n_particles_filtered": 0,
  "dimension": 2,
  "stress_output_regions": null,
  "von_mises_stress": {
    "min": 0.0,
    "max": 259.74109398013456,
    "mean": 49.2683808013097,
    "std": 56.76947456980332
  }
}