{
    "mode": "schwarz",
    "big_domain_solve_time": 31.36188834699351,
    "small_domain_solve_time": 61.64129179297015,
    "other_time": 6.073008496059629,
    "total_time": 99.07618863602329
}