{
  "density_1.638e+04_dim_2": 0.00620187346979363,
  "density_2.778e+02_dim_2": 0.0493359375
}