{
  "density_1.638e+04_dim_2": 0.00620187346979363,
  "density_2.778e+02_dim_2": 0.0493359375,
  "density_1.572e+03_dim_2": 0.020471450363712063,
  "density_4.083e+03_dim_2": 0.012730270379514602,
  "density_4.090e+03_dim_2": 0.012582027427623987,
  "density_3.274e+04_dim_3": 0.027180551631322283,
  "density_2.044e+03_dim_2": 0.01779670486400907,
  "density_2.047e+03_dim_2": 0.017730391713455425,
  "density_8.191e+03_dim_2": 0.008774894577349255
}