{
  "density_1.638e+04_dim_2": 0.00620187346979363,
  "density_2.778e+02_dim_2": 0.0493359375,
  "density_1.572e+03_dim_2": 0.020471450363712063,
  "density_4.083e+03_dim_2": 0.012730270379514602,
  "density_4.090e+03_dim_2": 0.012582027427623987
}