{
    "mode": "schwarz",
    "big_domain_solve_time": 73.99263843182416,
    "small_domain_solve_time": 680.4637635056715,
    "other_time": 73.59726172953378,
    "total_time": 828.0536636670295
}