{
  "frame": 1000,
  "n_particles": 9753,
  "n_particles_total": 9753,
  "n_particles_filtered": 0,
  "dimension": 2,
  "stress_output_regions": [
    {
      "type": "rectangle",
      "params": {
        "range": [
          [
            0.0,
            1.0
          ],
          [
            0.0,
            1.0
          ]
        ]
      }
    }
  ],
  "von_mises_stress": {
    "min": 0.024091950004391998,
    "max": 224.48051468412217,
    "mean": 63.00630652483767,
    "std": 43.33816989376702
  }
}