{
    "mode": "single",
    "solve_time": 455.76110592175974,
    "other_time": 19.263409763399977,
    "total_time": 475.0245156851597
}