{
    "mode": "single",
    "solve_time": 5836.3126053409505,
    "other_time": 5.338096723095077,
    "total_time": 5841.650702064046
}