{
  "frame": 40879,
  "n_particles": 2848,
  "n_particles_total": 2848,
  "n_particles_filtered": 0,
  "dimension": 2,
  "stress_output_regions": null,
  "von_mises_stress": {
    "min": 0.0,
    "max": 104.95013067353318,
    "mean": 20.910565523626058,
    "std": 20.72871394154562
  }
}