{
    "mode": "schwarz",
    "big_domain_solve_time": 61.367864331041346,
    "small_domain_solve_time": 888.5202216711041,
    "other_time": 62.24139358960383,
    "total_time": 1012.1294795917493
}