{
    "mode": "schwarz",
    "big_domain_solve_time": 85.90691797307227,
    "small_domain_solve_time": 636.6350722710631,
    "other_time": 73.50821171455027,
    "total_time": 796.0502019586856
}