{
  "frame": 2000,
  "n_particles": 250995,
  "n_particles_total": 250995,
  "n_particles_filtered": 0,
  "dimension": 2,
  "stress_output_regions": [
    {
      "type": "rectangle",
      "params": {
        "range": [
          [
            0,
            1
          ],
          [
            0,
            1
          ]
        ]
      }
    }
  ],
  "von_mises_stress": {
    "min": 137.80797121097754,
    "max": 2839.5080065911347,
    "mean": 941.1278509065621,
    "std": 222.8077812338866
  }
}