{
  "frame": 100000,
  "n_particles": 6408,
  "n_particles_total": 6408,
  "n_particles_filtered": 0,
  "dimension": 2,
  "stress_output_regions": null,
  "von_mises_stress": {
    "min": 0.0,
    "max": 33.70500153218326,
    "mean": 6.4198615631756235,
    "std": 7.456691356274612
  }
}