{
  "frame": 175000,
  "n_particles": 6408,
  "n_particles_total": 6408,
  "n_particles_filtered": 0,
  "dimension": 2,
  "stress_output_regions": null,
  "von_mises_stress": {
    "min": 0.0,
    "max": 19003.875650594215,
    "mean": 1308.8788534606954,
    "std": 2359.7860860895157
  }
}