{
  "frame": 820,
  "n_particles": 196,
  "n_particles_total": 196,
  "n_particles_filtered": 0,
  "dimension": 2,
  "stress_output_regions": null,
  "von_mises_stress": {
    "min": 0.0,
    "max": 4.0745362639427185e-10,
    "mean": 7.136004200940875e-11,
    "std": 3.9549062588016625e-11
  }
}