{
  "frame": 120000,
  "n_particles": 6408,
  "n_particles_total": 6408,
  "n_particles_filtered": 0,
  "dimension": 2,
  "stress_output_regions": null,
  "von_mises_stress": {
    "min": 0.0,
    "max": 11920.799626916474,
    "mean": 867.791458178924,
    "std": 1711.1345903218398
  }
}