{
    "mode": "schwarz",
    "big_domain_solve_time": 45.73248063998108,
    "small_domain_solve_time": 138.5582563829903,
    "other_time": 17.85307320402717,
    "total_time": 202.14381022699854
}