{
  "frame": 500,
  "n_particles": 57580,
  "n_particles_total": 57580,
  "n_particles_filtered": 0,
  "dimension": 2,
  "stress_output_regions": [
    {
      "type": "rectangle",
      "params": {
        "range": [
          [
            0.0,
            1.0
          ],
          [
            0.0,
            1.0
          ]
        ]
      }
    }
  ],
  "von_mises_stress": {
    "min": 0.0,
    "max": 302.32412599742577,
    "mean": 67.07089479269234,
    "std": 51.3496808636645
  }
}