{
  "frame": 105000,
  "n_particles": 6408,
  "n_particles_total": 6408,
  "n_particles_filtered": 0,
  "dimension": 2,
  "stress_output_regions": null,
  "von_mises_stress": {
    "min": 0.0,
    "max": 33.61705998352458,
    "mean": 6.436022796129736,
    "std": 7.50441077392561
  }
}