{
  "frame": 170000,
  "n_particles": 6408,
  "n_particles_total": 6408,
  "n_particles_filtered": 0,
  "dimension": 2,
  "stress_output_regions": null,
  "von_mises_stress": {
    "min": 0.0,
    "max": 4068.770260362173,
    "mean": 598.1424104170032,
    "std": 790.1874668818009
  }
}