{
    "grid_sizes": [
        20,
        40,
        60,
        80
    ],
    "dx_values": [
        0.02,
        0.01,
        0.006666666666666667,
        0.005
    ],
    "integrated_errors_xx": [
        145.49313557598268,
        14.296843398509173,
        11.614407869509948,
        4.619256345800066
    ],
    "integrated_errors_yy": [
        120.96158513304908,
        65.27381171230215,
        38.28367930198403,
        32.408605390130184
    ],
    "integrated_errors_total": [
        133.2273603545159,
        39.78532755540566,
        24.94904358574699,
        18.513930867965126
    ],
    "convergence_rate": 1.4340662444160408
}