{
    "mode": "schwarz",
    "big_domain_solve_time": 9.932836908039462,
    "small_domain_solve_time": 15.994368488030887,
    "other_time": 3.6693742749448575,
    "total_time": 29.596579671015206
}