{
  "frame": 2000,
  "domain1": {
    "n_particles": 6670,
    "n_particles_total": 6670,
    "n_particles_filtered": 0,
    "dimension": 2,
    "von_mises_stress": {
      "min": 1.2055462615684116,
      "max": 272.7828365507423,
      "mean": 144.42660921211566,
      "std": 53.5924527375025
    }
  },
  "domain2": {
    "n_particles": 6820,
    "n_particles_total": 6820,
    "n_particles_filtered": 0,
    "dimension": 2,
    "von_mises_stress": {
      "min": 1.0974312813644558,
      "max": 527.285743188625,
      "mean": 243.0009263916835,
      "std": 125.61484959496393
    }
  }
}