{
    "mode": "schwarz",
    "big_domain_solve_time": 11.167457419011043,
    "small_domain_solve_time": 28.041141098983644,
    "other_time": 4.161083940009121,
    "total_time": 43.36968245800381
}