{
  "frame": 4000,
  "n_particles": 4224,
  "n_particles_total": 4224,
  "n_particles_filtered": 0,
  "dimension": 2,
  "stress_output_regions": [
    {
      "type": "rectangle",
      "params": {
        "range": [
          [
            0.0,
            1.0
          ],
          [
            0.0,
            1.0
          ]
        ]
      }
    }
  ],
  "von_mises_stress": {
    "min": 1.0688010943859907,
    "max": 389.2141875128014,
    "mean": 71.32656199588509,
    "std": 48.35908766245263
  }
}