{
  "frame": 2500,
  "n_particles": 15864,
  "n_particles_total": 15864,
  "n_particles_filtered": 0,
  "dimension": 2,
  "stress_output_regions": [
    {
      "type": "rectangle",
      "params": {
        "range": [
          [
            0.0,
            1.0
          ],
          [
            0.0,
            1.0
          ]
        ]
      }
    }
  ],
  "von_mises_stress": {
    "min": 1.0707898512228855,
    "max": 248.87712988430866,
    "mean": 72.10976600446304,
    "std": 45.7281866845109
  }
}