{
    "grid_sizes": [
        25,
        33,
        50,
        100
    ],
    "dx_values": [
        0.016,
        0.012121212121212121,
        0.008,
        0.004
    ],
    "integrated_errors_xx": [
        70.62681325700161,
        42.29313760348689,
        26.495524831346362,
        16.94543730954557
    ],
    "integrated_errors_yy": [
        107.70383189824727,
        78.15827631036987,
        59.52322602669771,
        28.858855258124446
    ],
    "integrated_errors_total": [
        89.16532257762444,
        60.22570695692838,
        43.009375429022036,
        22.90214628383501
    ],
    "convergence_rate": 0.9508641076776579
}