{
    "grid_sizes": [
        25,
        33,
        50,
        100
    ],
    "dx_values": [
        0.016,
        0.012121212121212121,
        0.008,
        0.004
    ],
    "integrated_errors_xx": [
        NaN,
        NaN,
        24.53771714463502,
        17.27481294943405
    ],
    "integrated_errors_yy": [
        NaN,
        NaN,
        49.10003021008378,
        35.79618974054609
    ],
    "integrated_errors_total": [
        NaN,
        NaN,
        36.8188736773594,
        26.53550134499007
    ],
    "convergence_rate": 0.4725216876416962
}