{
    "mode": "schwarz",
    "big_domain_solve_time": 10.107072202968993,
    "small_domain_solve_time": 88.57740994601772,
    "other_time": 4.323717877006857,
    "total_time": 103.00820002599357
}