{
    "mode": "schwarz",
    "big_domain_solve_time": 232.9213015570058,
    "small_domain_solve_time": 599.0556140021217,
    "other_time": 20.265055205931276,
    "total_time": 852.2419707650588
}