{
  "frame": 2000,
  "n_particles": 4312,
  "n_particles_total": 4312,
  "n_particles_filtered": 0,
  "dimension": 2,
  "stress_output_regions": [
    {
      "type": "rectangle",
      "params": {
        "range": [
          [
            0.0,
            1.0
          ],
          [
            0.0,
            1.0
          ]
        ]
      }
    }
  ],
  "von_mises_stress": {
    "min": 1.0935021823599882,
    "max": 2380.2308692328183,
    "mean": 92.69776946559354,
    "std": 104.21450259537224
  }
}