{
  "frame": 2000,
  "domain1": {
    "n_particles": 5832,
    "n_particles_total": 5832,
    "n_particles_filtered": 0,
    "dimension": 2,
    "von_mises_stress": {
      "min": 84.85315481467518,
      "max": 5949.497327936877,
      "mean": 2812.0523617742665,
      "std": 1080.8371365248404
    }
  },
  "domain2": {
    "n_particles": 926,
    "n_particles_total": 926,
    "n_particles_filtered": 0,
    "dimension": 2,
    "von_mises_stress": {
      "min": 82.49372116530746,
      "max": 9210.31243022257,
      "mean": 5178.438212515929,
      "std": 2525.7571098903186
    }
  }
}