{
  "frame": 15000,
  "n_particles": 2848,
  "n_particles_total": 2848,
  "n_particles_filtered": 0,
  "dimension": 2,
  "stress_output_regions": null,
  "von_mises_stress": {
    "min": 0.0,
    "max": 128.64173268393964,
    "mean": 20.25092561958995,
    "std": 16.126132930907023
  }
}