{
    "mode": "schwarz",
    "big_domain_solve_time": 105.89265741870622,
    "small_domain_solve_time": 351.5327359974617,
    "other_time": 40.85392295647762,
    "total_time": 498.27931637264555
}