{
  "frame": 195000,
  "n_particles": 6408,
  "n_particles_total": 6408,
  "n_particles_filtered": 0,
  "dimension": 2,
  "stress_output_regions": null,
  "von_mises_stress": {
    "min": 0.0,
    "max": 94.5064742444411,
    "mean": 17.83463152874306,
    "std": 20.945966684093246
  }
}