{
  "frame": 1500,
  "domain1": {
    "n_particles": 24320,
    "n_particles_total": 24320,
    "n_particles_filtered": 0,
    "dimension": 2,
    "von_mises_stress": {
      "min": 0.05778346574835923,
      "max": 192.4998267966264,
      "mean": 36.27804801949548,
      "std": 36.259492627842626
    }
  },
  "domain2": {
    "n_particles": 36621,
    "n_particles_total": 36621,
    "n_particles_filtered": 0,
    "dimension": 2,
    "von_mises_stress": {
      "min": 107.39424005938761,
      "max": 742.9035505562517,
      "mean": 285.99701301447845,
      "std": 175.350870404692
    }
  }
}