{
  "frame": 3500,
  "n_particles": 4224,
  "n_particles_total": 4224,
  "n_particles_filtered": 0,
  "dimension": 2,
  "stress_output_regions": [
    {
      "type": "rectangle",
      "params": {
        "range": [
          [
            0.0,
            1.0
          ],
          [
            0.0,
            1.0
          ]
        ]
      }
    }
  ],
  "von_mises_stress": {
    "min": 1.0736903849830344,
    "max": 397.4545647400936,
    "mean": 70.55300721309956,
    "std": 48.93258587834498
  }
}