{
    "mode": "schwarz",
    "big_domain_solve_time": 227.978157814905,
    "small_domain_solve_time": 491.1076544639418,
    "other_time": 17.238098811143573,
    "total_time": 736.3239110899904
}