{
  "dim": 2,
  "nx": 33,
  "ny": 33,
  "offset": [
    0.3,
    0.3
  ],
  "dx_x": 0.012121212121212121,
  "dx_y": 0.012121212121212121,
  "elasticity_model": "linear",
  "valid_mass_threshold": 1e-10,
  "valid_grid_count": 608
}