{
    "mode": "schwarz",
    "big_domain_solve_time": 16.163477916003103,
    "small_domain_solve_time": 56.829653219021566,
    "other_time": 9.16529948799689,
    "total_time": 82.15843062302156
}