{
  "frame": 2500,
  "n_particles": 4040,
  "n_particles_total": 4040,
  "n_particles_filtered": 0,
  "dimension": 2,
  "stress_output_regions": [
    {
      "type": "rectangle",
      "params": {
        "range": [
          [
            0.0,
            1.0
          ],
          [
            0.0,
            1.0
          ]
        ]
      }
    }
  ],
  "von_mises_stress": {
    "min": 5.9416467101819865,
    "max": 251.35583001121287,
    "mean": 71.8636835664144,
    "std": 44.980596464619644
  }
}