{
    "mode": "schwarz",
    "big_domain_solve_time": 148.94203844944423,
    "small_domain_solve_time": 287.94961635283835,
    "other_time": 129.19526329010841,
    "total_time": 566.086918092391
}