{
    "grid_sizes": [
        20,
        40,
        60,
        80
    ],
    "dx_values": [
        0.02,
        0.01,
        0.006666666666666667,
        0.005
    ],
    "integrated_errors_xx": [
        16.227591091057636,
        12.585003112487366,
        15.356879118299766,
        4.438952557040205
    ],
    "integrated_errors_yy": [
        83.95709179489288,
        67.76046299207816,
        28.09632761556048,
        34.630343715834364
    ],
    "integrated_errors_total": [
        50.092341442975254,
        40.172733052282766,
        21.72660336693012,
        19.534648136437283
    ],
    "convergence_rate": 0.7276475313212001
}