{
  "frame": 150000,
  "n_particles": 6408,
  "n_particles_total": 6408,
  "n_particles_filtered": 0,
  "dimension": 2,
  "stress_output_regions": null,
  "von_mises_stress": {
    "min": 0.0,
    "max": 11.682744908634335,
    "mean": 2.199909968766405,
    "std": 2.608212252895427
  }
}