{
    "mode": "single",
    "solve_time": 110.73413390398127,
    "other_time": 1.6877466160112817,
    "total_time": 112.42188051999256
}