{
    "mode": "schwarz",
    "big_domain_solve_time": 4.269472581010632,
    "small_domain_solve_time": 10.999600703024043,
    "other_time": 3.5434428959524666,
    "total_time": 18.812516179987142
}