{
    "mode": "schwarz",
    "big_domain_solve_time": 339.31091019543237,
    "small_domain_solve_time": 457.72064992040396,
    "other_time": 56.05052537597658,
    "total_time": 853.0820854918129
}