{
  "frame": 1000,
  "n_particles": 14492,
  "n_particles_total": 14492,
  "n_particles_filtered": 0,
  "dimension": 2,
  "stress_output_regions": [
    {
      "type": "rectangle",
      "params": {
        "range": [
          [
            0.0,
            1.0
          ],
          [
            0.0,
            1.0
          ]
        ]
      }
    }
  ],
  "von_mises_stress": {
    "min": 0.0,
    "max": 266.4779490033553,
    "mean": 68.30887736409225,
    "std": 46.902143193660166
  }
}