{
    "mode": "schwarz",
    "big_domain_solve_time": 169.7988565690357,
    "small_domain_solve_time": 1154.37392820495,
    "other_time": 23.11907059202167,
    "total_time": 1347.2918553660074
}