{
  "frame": 2000,
  "domain1": {
    "n_particles": 5832,
    "n_particles_total": 5832,
    "n_particles_filtered": 0,
    "dimension": 2,
    "von_mises_stress": {
      "min": 44.821780337080305,
      "max": 5704.734038533156,
      "mean": 2802.042038108828,
      "std": 1093.5347844667688
    }
  },
  "domain2": {
    "n_particles": 6820,
    "n_particles_total": 6820,
    "n_particles_filtered": 0,
    "dimension": 2,
    "von_mises_stress": {
      "min": 17.683869877267174,
      "max": 10606.177178673717,
      "mean": 5042.66450665117,
      "std": 2617.0096076907585
    }
  }
}