{
  "frame": 70000,
  "n_particles": 6408,
  "n_particles_total": 6408,
  "n_particles_filtered": 0,
  "dimension": 2,
  "stress_output_regions": null,
  "von_mises_stress": {
    "min": 0.0,
    "max": 728.4068117271288,
    "mean": 139.54023701698725,
    "std": 157.8614557069507
  }
}