{
  "frame": 25000,
  "n_particles": 6408,
  "n_particles_total": 6408,
  "n_particles_filtered": 0,
  "dimension": 2,
  "stress_output_regions": null,
  "von_mises_stress": {
    "min": 0.0,
    "max": 39271.6419137915,
    "mean": 4242.446424701352,
    "std": 3788.98711029656
  }
}