{
    "mode": "single",
    "solve_time": 377.1488721050009,
    "other_time": 2.221167214005618,
    "total_time": 379.37003931900654
}