{
  "frame": 160000,
  "n_particles": 6408,
  "n_particles_total": 6408,
  "n_particles_filtered": 0,
  "dimension": 2,
  "stress_output_regions": null,
  "von_mises_stress": {
    "min": 0.0,
    "max": 94.4776821248101,
    "mean": 17.82713669590976,
    "std": 20.939084001414187
  }
}