{
  "frame": 140000,
  "n_particles": 6408,
  "n_particles_total": 6408,
  "n_particles_filtered": 0,
  "dimension": 2,
  "stress_output_regions": null,
  "von_mises_stress": {
    "min": 0.0,
    "max": 33.09355760734613,
    "mean": 6.3108304708415135,
    "std": 7.371164326121032
  }
}