{
  "frame": 90000,
  "n_particles": 6408,
  "n_particles_total": 6408,
  "n_particles_filtered": 0,
  "dimension": 2,
  "stress_output_regions": null,
  "von_mises_stress": {
    "min": 0.0,
    "max": 7263.981155847229,
    "mean": 723.9046206546477,
    "std": 1213.0813218424507
  }
}