{
  "frame": 4500,
  "domain1": {
    "n_particles": 10368,
    "n_particles_total": 10368,
    "n_particles_filtered": 0,
    "dimension": 2,
    "von_mises_stress": {
      "min": 1.0065937618389473,
      "max": 311.5059097990572,
      "mean": 128.78573953959756,
      "std": 58.99441251174351
    }
  },
  "domain2": {
    "n_particles": 10623,
    "n_particles_total": 10623,
    "n_particles_filtered": 0,
    "dimension": 2,
    "von_mises_stress": {
      "min": 1.1523932853791437,
      "max": 618.0122113671248,
      "mean": 279.2391471527255,
      "std": 144.89166671002624
    }
  }
}