{
  "frame": 1000,
  "domain1": {
    "n_particles": 5832,
    "n_particles_total": 5832,
    "n_particles_filtered": 0,
    "dimension": 2,
    "von_mises_stress": {
      "min": 64.10212850758677,
      "max": 7498.417487627274,
      "mean": 2124.2246914413004,
      "std": 1749.4176655749593
    }
  },
  "domain2": {
    "n_particles": 2631,
    "n_particles_total": 2631,
    "n_particles_filtered": 0,
    "dimension": 2,
    "von_mises_stress": {
      "min": 45.218652939252024,
      "max": 13361.669266742918,
      "mean": 6223.131077095601,
      "std": 3337.412876776091
    }
  }
}