{
    "mode": "single",
    "solve_time": 1162.2940457802615,
    "other_time": 14.583112095308024,
    "total_time": 1176.8771578755695
}