{
  "frame": 100000,
  "n_particles": 6408,
  "n_particles_total": 6408,
  "n_particles_filtered": 0,
  "dimension": 2,
  "stress_output_regions": null,
  "von_mises_stress": {
    "min": 0.0,
    "max": 18996.123207523244,
    "mean": 1308.4339456712405,
    "std": 2358.6527337817793
  }
}