{
  "frame": 5000,
  "n_particles": 4312,
  "n_particles_total": 4312,
  "n_particles_filtered": 0,
  "dimension": 2,
  "stress_output_regions": [
    {
      "type": "rectangle",
      "params": {
        "range": [
          [
            0.0,
            1.0
          ],
          [
            0.0,
            1.0
          ]
        ]
      }
    }
  ],
  "von_mises_stress": {
    "min": 1.6937613846015247,
    "max": 4149.807184182157,
    "mean": 233.03762159851624,
    "std": 224.3052212834066
  }
}