{
  "frame": 105000,
  "n_particles": 6408,
  "n_particles_total": 6408,
  "n_particles_filtered": 0,
  "dimension": 2,
  "stress_output_regions": null,
  "von_mises_stress": {
    "min": 0.0,
    "max": 94.15000695444911,
    "mean": 17.758210844942443,
    "std": 20.860468026509896
  }
}