{
  "frame": 135000,
  "n_particles": 6408,
  "n_particles_total": 6408,
  "n_particles_filtered": 0,
  "dimension": 2,
  "stress_output_regions": null,
  "von_mises_stress": {
    "min": 0.0,
    "max": 259.86371764021357,
    "mean": 49.19799488996779,
    "std": 56.70424124071167
  }
}