{
  "frame": 10000,
  "n_particles": 6408,
  "n_particles_total": 6408,
  "n_particles_filtered": 0,
  "dimension": 2,
  "stress_output_regions": null,
  "von_mises_stress": {
    "min": 0.0,
    "max": 58353.378951056526,
    "mean": 6781.380238020282,
    "std": 6039.192703975917
  }
}