{
    "grid_sizes": [
        20,
        40,
        60,
        80
    ],
    "dx_values": [
        0.02,
        0.01,
        0.006666666666666667,
        0.005
    ],
    "integrated_errors_xx": [
        15.636638308829646,
        11.765131528106421,
        7.709960450454369,
        5.9324371658132815
    ],
    "integrated_errors_yy": [
        111.97097739131854,
        54.65176579518378,
        32.61944321211874,
        28.164676743275354
    ],
    "integrated_errors_total": [
        63.803807850074094,
        33.2084486616451,
        20.164701831286553,
        17.048556954544317
    ],
    "convergence_rate": 0.9823703888378846
}