{
    "mode": "schwarz",
    "big_domain_solve_time": 145.72152448742418,
    "small_domain_solve_time": 222.30102272794466,
    "other_time": 48.254372652765596,
    "total_time": 416.2769198681344
}