{
  "frame": 212,
  "n_particles": 421,
  "n_particles_total": 10816,
  "n_particles_filtered": 10395,
  "dimension": 2,
  "stress_output_regions": [
    {
      "type": "ellipse",
      "params": {
        "center": [
          0.5,
          0.5
        ],
        "semi_axes": [
          0.09,
          0.09
        ]
      }
    }
  ],
  "von_mises_stress": {
    "min": 62.46361622472707,
    "max": 68.87346719395958,
    "mean": 68.463249786936,
    "std": 0.873770697288454
  }
}