{
  "frame": 90000,
  "n_particles": 6408,
  "n_particles_total": 6408,
  "n_particles_filtered": 0,
  "dimension": 2,
  "stress_output_regions": null,
  "von_mises_stress": {
    "min": 0.0,
    "max": 18984.139607868263,
    "mean": 1308.1883809429373,
    "std": 2356.6937392702766
  }
}