{
    "grid_sizes": [
        25,
        33
    ],
    "dx_values": [
        0.016,
        0.012121212121212121
    ],
    "integrated_errors_xx": [
        72.25334454734444,
        69.3045672981154
    ],
    "integrated_errors_yy": [
        93.66658123398165,
        84.89318312292919
    ],
    "integrated_errors_total": [
        82.95996289066304,
        77.0988752105223
    ],
    "convergence_rate": 0.26390867899040343
}