{
  "frame": 11512,
  "n_particles": 2848,
  "n_particles_total": 2848,
  "n_particles_filtered": 0,
  "dimension": 2,
  "stress_output_regions": null,
  "von_mises_stress": {
    "min": 0.0,
    "max": 127.52341007536438,
    "mean": 20.49172480903979,
    "std": 16.07376053902083
  }
}