{
  "frame": 140000,
  "n_particles": 6408,
  "n_particles_total": 6408,
  "n_particles_filtered": 0,
  "dimension": 2,
  "stress_output_regions": null,
  "von_mises_stress": {
    "min": 0.0,
    "max": 259.8409765090604,
    "mean": 49.11587829447676,
    "std": 56.78161892041135
  }
}