{
  "frame": 500,
  "n_particles": 8880,
  "n_particles_total": 8880,
  "n_particles_filtered": 0,
  "dimension": 2,
  "stress_output_regions": [
    {
      "type": "rectangle",
      "params": {
        "range": [
          [
            0.0,
            1.0
          ],
          [
            0.0,
            1.0
          ]
        ]
      }
    }
  ],
  "von_mises_stress": {
    "min": 0.992163221069299,
    "max": 236.10633595626757,
    "mean": 70.8702828860054,
    "std": 45.73078664342339
  }
}