{
    "mode": "schwarz",
    "big_domain_solve_time": 79.06628080451628,
    "small_domain_solve_time": 143.49454395257635,
    "other_time": 37.81967891786189,
    "total_time": 260.3805036749545
}