{
    "mode": "single",
    "solve_time": 480.51859450753545,
    "other_time": 11.433115868887398,
    "total_time": 491.95171037642285
}