{
    "mode": "schwarz",
    "big_domain_solve_time": 15.446843353969598,
    "small_domain_solve_time": 40.63930872206765,
    "other_time": 5.2525613689686,
    "total_time": 61.33871344500585
}