{
  "frame": 2000,
  "domain1": {
    "n_particles": 5832,
    "n_particles_total": 5832,
    "n_particles_filtered": 0,
    "dimension": 2,
    "von_mises_stress": {
      "min": 5.687809517821363,
      "max": 2769.3340308975103,
      "mean": 1262.7542623518148,
      "std": 503.2260354367446
    }
  },
  "domain2": {
    "n_particles": 1706,
    "n_particles_total": 1706,
    "n_particles_filtered": 0,
    "dimension": 2,
    "von_mises_stress": {
      "min": 7.375014168997585,
      "max": 4837.038432731281,
      "mean": 2466.081387280994,
      "std": 1276.9441301661657
    }
  }
}