{
    "mode": "schwarz",
    "big_domain_solve_time": 399.10583074930764,
    "small_domain_solve_time": 511.2400513626053,
    "other_time": 51.930969270906644,
    "total_time": 962.2768513828196
}