{
  "frame": 2000,
  "n_particles": 102400,
  "n_particles_total": 102400,
  "n_particles_filtered": 0,
  "dimension": 2,
  "stress_output_regions": [
    {
      "type": "rectangle",
      "params": {
        "range": [
          [
            0.0,
            1.0
          ],
          [
            0.0,
            1.0
          ]
        ]
      }
    }
  ],
  "von_mises_stress": {
    "min": 0.049124143552847235,
    "max": 606.5168919014422,
    "mean": 56.592579346365646,
    "std": 96.81173099075161
  }
}