{
    "mode": "schwarz",
    "big_domain_solve_time": 50.558166555842035,
    "small_domain_solve_time": 555.963207118024,
    "other_time": 19.329558128159988,
    "total_time": 625.850931802026
}