{
    "mode": "schwarz",
    "big_domain_solve_time": 38.677508539753035,
    "small_domain_solve_time": 139.3741374289384,
    "other_time": 22.688198538467987,
    "total_time": 200.73984450715943
}