{
    "mode": "schwarz",
    "big_domain_solve_time": 236.2012671740231,
    "small_domain_solve_time": 567.218121963986,
    "other_time": 15.589771644030407,
    "total_time": 819.0091607820395
}