{
  "frame": 2500,
  "n_particles": 17158,
  "n_particles_total": 17158,
  "n_particles_filtered": 0,
  "dimension": 2,
  "stress_output_regions": [
    {
      "type": "rectangle",
      "params": {
        "range": [
          [
            0.0,
            1.0
          ],
          [
            0.0,
            1.0
          ]
        ]
      }
    }
  ],
  "von_mises_stress": {
    "min": 0.0,
    "max": 253.61000229959248,
    "mean": 67.3116507793326,
    "std": 47.2461018662344
  }
}