{
  "frame": 125000,
  "n_particles": 6408,
  "n_particles_total": 6408,
  "n_particles_filtered": 0,
  "dimension": 2,
  "stress_output_regions": null,
  "von_mises_stress": {
    "min": 0.0,
    "max": 4064.554802137244,
    "mean": 597.5721749408053,
    "std": 789.6213690161237
  }
}