{
  "frame": 130000,
  "n_particles": 6408,
  "n_particles_total": 6408,
  "n_particles_filtered": 0,
  "dimension": 2,
  "stress_output_regions": null,
  "von_mises_stress": {
    "min": 0.0,
    "max": 1931.9250798602588,
    "mean": 346.76558988254743,
    "std": 406.5522226289175
  }
}