{
  "frame": 20000,
  "n_particles": 6408,
  "n_particles_total": 6408,
  "n_particles_filtered": 0,
  "dimension": 2,
  "stress_output_regions": null,
  "von_mises_stress": {
    "min": 0.0,
    "max": 13.348182037904529,
    "mean": 2.454724453056696,
    "std": 2.987182746718455
  }
}