{
  "frame": 65000,
  "n_particles": 6408,
  "n_particles_total": 6408,
  "n_particles_filtered": 0,
  "dimension": 2,
  "stress_output_regions": null,
  "von_mises_stress": {
    "min": 0.0,
    "max": 716.131009797578,
    "mean": 137.35417783544005,
    "std": 156.6769186820688
  }
}