{
  "material": {
    "E": 20000.0,
    "nu": 0.3,
    "rho": 1000,
    "center": [
      0.5,
      0.42
    ],
    "radius": 0.4,
    "applied_pressure": 500.00000000000045,
    "load_height": 0.0050000000000000044,
    "x_range": [
      0,
      1
    ],
    "y_range": [
      0,
      0.1
    ],
    "grid_size": 128,
    "particles_per_grid": 16
  }
}