{
  "frame": 500,
  "n_particles": 3622,
  "n_particles_total": 3622,
  "n_particles_filtered": 0,
  "dimension": 2,
  "stress_output_regions": [
    {
      "type": "rectangle",
      "params": {
        "range": [
          [
            0.0,
            1.0
          ],
          [
            0.0,
            1.0
          ]
        ]
      }
    }
  ],
  "von_mises_stress": {
    "min": 0.6086136947812683,
    "max": 239.51909128402528,
    "mean": 67.64410726197521,
    "std": 45.920866129968935
  }
}