{
  "frame": 3000,
  "domain1": {
    "n_particles": 24320,
    "n_particles_total": 24320,
    "n_particles_filtered": 0,
    "dimension": 2,
    "von_mises_stress": {
      "min": 0.060770890627950686,
      "max": 187.50262186787083,
      "mean": 33.28968599882319,
      "std": 33.726949422317844
    }
  },
  "domain2": {
    "n_particles": 2348,
    "n_particles_total": 2348,
    "n_particles_filtered": 0,
    "dimension": 2,
    "von_mises_stress": {
      "min": 106.12338744304098,
      "max": 561.1264868523174,
      "mean": 252.29532087598207,
      "std": 131.0774329945821
    }
  }
}