{
    "mode": "schwarz",
    "big_domain_solve_time": 42.54793900094228,
    "small_domain_solve_time": 103.48344410597201,
    "other_time": 12.12129328802257,
    "total_time": 158.15267639493686
}