{
    "mode": "schwarz",
    "big_domain_solve_time": 45.51853832608322,
    "small_domain_solve_time": 160.07401237394515,
    "other_time": 15.93451642895161,
    "total_time": 221.52706712897998
}