{
    "mode": "schwarz",
    "big_domain_solve_time": 61.939816129015526,
    "small_domain_solve_time": 338.14316630027315,
    "other_time": 44.02474920453096,
    "total_time": 444.10773163381964
}