{
  "frame": 70000,
  "n_particles": 6408,
  "n_particles_total": 6408,
  "n_particles_filtered": 0,
  "dimension": 2,
  "stress_output_regions": null,
  "von_mises_stress": {
    "min": 0.0,
    "max": 39196.052774762444,
    "mean": 4247.549759094372,
    "std": 3779.47261384196
  }
}