{
    "mode": "schwarz",
    "big_domain_solve_time": 8.558425024973985,
    "small_domain_solve_time": 21.037779049056553,
    "other_time": 3.9459809629333904,
    "total_time": 33.54218503696393
}