{
  "dim": 2,
  "nx": 83,
  "ny": 83,
  "offset": [
    0.0,
    0.0
  ],
  "dx_x": 0.012048192771084338,
  "dx_y": 0.012048192771084338,
  "elasticity_model": "linear",
  "valid_mass_threshold": 1e-10,
  "valid_grid_count": 4624
}