{
    "mode": "single",
    "solve_time": 85.91637637600434,
    "other_time": 1.667687142979048,
    "total_time": 87.58406351898338
}