{
    "grid_sizes": [
        25,
        33,
        50,
        100
    ],
    "dx_values": [
        0.016,
        0.012121212121212121,
        0.008,
        0.004
    ],
    "integrated_errors_xx": [
        74.98275945226281,
        29.201663748374518,
        6.530983840684901,
        5.84608157775676
    ],
    "integrated_errors_yy": [
        88.01120935574961,
        58.13493681868995,
        32.067268790034305,
        21.779975135490346
    ],
    "integrated_errors_total": [
        81.49698440400621,
        43.66830028353223,
        19.299126315359604,
        13.813028356623553
    ],
    "convergence_rate": 1.2563133856748911
}