{
    "mode": "single",
    "solve_time": 40.13886899299993,
    "other_time": 1.7667175270001678,
    "total_time": 41.9055865200001
}