{
    "mode": "single",
    "solve_time": 41.806777397057886,
    "other_time": 2.260977468937199,
    "total_time": 44.067754865995084
}