{
    "grid_sizes": [
        25,
        33,
        50,
        100
    ],
    "dx_values": [
        0.016,
        0.012121212121212121,
        0.008,
        0.004
    ],
    "integrated_errors_xx": [
        205.092264689065,
        142.41313356952196,
        52.86869449265839,
        27.57243172921803
    ],
    "integrated_errors_yy": [
        218.184858981003,
        161.9575975341476,
        80.88844059207389,
        53.0811804094374
    ],
    "integrated_errors_total": [
        211.638561835034,
        152.18536555183476,
        66.87856754236614,
        40.326806069327716
    ],
    "convergence_rate": 1.2273132584705506
}