{
    "grid_sizes": [
        25,
        33,
        50,
        100
    ],
    "dx_values": [
        0.016,
        0.012121212121212121,
        0.008,
        0.004
    ],
    "integrated_errors_xx": [
        NaN,
        NaN,
        30.380843332830317,
        24.50909054255008
    ],
    "integrated_errors_yy": [
        NaN,
        NaN,
        103.09873744940337,
        46.68303487581297
    ],
    "integrated_errors_total": [
        NaN,
        NaN,
        66.73979039111684,
        35.596062709181524
    ],
    "convergence_rate": 0.9068294823721992
}