{
    "mode": "schwarz",
    "big_domain_solve_time": 48.75104181835195,
    "small_domain_solve_time": 173.10611397578032,
    "other_time": 26.182698964694282,
    "total_time": 248.03985475882655
}