{
  "frame": 4000,
  "domain1": {
    "n_particles": 5832,
    "n_particles_total": 5832,
    "n_particles_filtered": 0,
    "dimension": 2,
    "von_mises_stress": {
      "min": 9.182532164615555,
      "max": 3156.2770058655274,
      "mean": 1275.4183380926274,
      "std": 583.588477949385
    }
  },
  "domain2": {
    "n_particles": 926,
    "n_particles_total": 926,
    "n_particles_filtered": 0,
    "dimension": 2,
    "von_mises_stress": {
      "min": 2.781831015146673,
      "max": 5159.02783105726,
      "mean": 2870.9528980146933,
      "std": 1383.8498091714064
    }
  }
}