{
  "frame": 115000,
  "n_particles": 6408,
  "n_particles_total": 6408,
  "n_particles_filtered": 0,
  "dimension": 2,
  "stress_output_regions": null,
  "von_mises_stress": {
    "min": 0.0,
    "max": 11.588075563387228,
    "mean": 2.1776633044911904,
    "std": 2.5844114578618638
  }
}