{
    "mode": "schwarz",
    "big_domain_solve_time": 19.457168665063364,
    "small_domain_solve_time": 422.49146726714025,
    "other_time": 20.133929626823374,
    "total_time": 462.082565559027
}