{
  "frame": 30000,
  "n_particles": 2848,
  "n_particles_total": 2848,
  "n_particles_filtered": 0,
  "dimension": 2,
  "stress_output_regions": null,
  "von_mises_stress": {
    "min": 0.0,
    "max": 136.62909272928255,
    "mean": 20.616003008415717,
    "std": 19.259708352280715
  }
}