{
  "frame": 165000,
  "n_particles": 6408,
  "n_particles_total": 6408,
  "n_particles_filtered": 0,
  "dimension": 2,
  "stress_output_regions": null,
  "von_mises_stress": {
    "min": 0.0,
    "max": 11.709829358487854,
    "mean": 2.208641032344622,
    "std": 2.614793808953376
  }
}