{
    "mode": "schwarz",
    "big_domain_solve_time": 14.163109006141894,
    "small_domain_solve_time": 53.44647324621474,
    "other_time": 9.399966067707282,
    "total_time": 77.00954832006391
}