{
  "dim": 2,
  "nx": 31,
  "ny": 31,
  "offset": [
    0.0,
    0.0
  ],
  "dx_x": 0.03225806451612903,
  "dx_y": 0.03225806451612903,
  "elasticity_model": "linear",
  "valid_mass_threshold": 1e-10,
  "valid_grid_count": 780
}