{
    "mode": "schwarz",
    "big_domain_solve_time": 11.865810380993935,
    "small_domain_solve_time": 52.50036908803486,
    "other_time": 9.443733349973627,
    "total_time": 73.80991281900242
}