{
  "frame": 1000,
  "n_particles": 9621,
  "n_particles_total": 9621,
  "n_particles_filtered": 0,
  "dimension": 2,
  "stress_output_regions": [
    {
      "type": "rectangle",
      "params": {
        "range": [
          [
            0.0,
            1.0
          ],
          [
            0.0,
            1.0
          ]
        ]
      }
    }
  ],
  "von_mises_stress": {
    "min": 0.02407028632642001,
    "max": 228.71154496528163,
    "mean": 62.9636575966071,
    "std": 45.46236508483837
  }
}