{
    "mode": "schwarz",
    "big_domain_solve_time": 70.01062081681448,
    "small_domain_solve_time": 124.0600182521448,
    "other_time": 28.495510235079564,
    "total_time": 222.56614930403885
}