{
    "grid_sizes": [
        25,
        33,
        50,
        100
    ],
    "dx_values": [
        0.016,
        0.012121212121212121,
        0.008,
        0.004
    ],
    "integrated_errors_xx": [
        59.11495266350847,
        39.2483574366885,
        6.529392334205939,
        8.870513480182707
    ],
    "integrated_errors_yy": [
        104.03960055132187,
        69.92878640636164,
        42.11736492335706,
        19.769093850015203
    ],
    "integrated_errors_total": [
        81.57727660741517,
        54.58857192152507,
        24.323378628781498,
        14.319803665098956
    ],
    "convergence_rate": 1.2722572242356402
}