{
    "grid_sizes": [
        25,
        33,
        50,
        100
    ],
    "dx_values": [
        0.016,
        0.012121212121212121,
        0.008,
        0.004
    ],
    "integrated_errors_xx": [
        NaN,
        NaN,
        4.210321583766402,
        6.954784013397228
    ],
    "integrated_errors_yy": [
        NaN,
        NaN,
        42.15793354575285,
        23.650940844194132
    ],
    "integrated_errors_total": [
        NaN,
        NaN,
        23.184127564759624,
        15.302862428795681
    ],
    "convergence_rate": 0.5993359011488242
}