{
  "frame": 60000,
  "n_particles": 6408,
  "n_particles_total": 6408,
  "n_particles_filtered": 0,
  "dimension": 2,
  "stress_output_regions": null,
  "von_mises_stress": {
    "min": 0.0,
    "max": 19042.86390555368,
    "mean": 1310.936891488305,
    "std": 2365.3146802372817
  }
}