{
  "frame": 85000,
  "n_particles": 6408,
  "n_particles_total": 6408,
  "n_particles_filtered": 0,
  "dimension": 2,
  "stress_output_regions": null,
  "von_mises_stress": {
    "min": 0.0,
    "max": 39193.94000124506,
    "mean": 4248.003210320973,
    "std": 3779.173775128385
  }
}