{
    "mode": "schwarz",
    "big_domain_solve_time": 24.396012138040533,
    "small_domain_solve_time": 275.99004361299376,
    "other_time": 17.84569513696988,
    "total_time": 318.23175088800417
}