{
  "frame": 70000,
  "n_particles": 6408,
  "n_particles_total": 6408,
  "n_particles_filtered": 0,
  "dimension": 2,
  "stress_output_regions": null,
  "von_mises_stress": {
    "min": 0.0,
    "max": 3972.952190719137,
    "mean": 578.6217007514359,
    "std": 770.3721987061308
  }
}