{
  "frame": 3000,
  "domain1": {
    "n_particles": 5832,
    "n_particles_total": 5832,
    "n_particles_filtered": 0,
    "dimension": 2,
    "von_mises_stress": {
      "min": 18.383123429281774,
      "max": 6399.9252885063215,
      "mean": 2524.0905690292475,
      "std": 1281.9421488751702
    }
  },
  "domain2": {
    "n_particles": 5148,
    "n_particles_total": 5148,
    "n_particles_filtered": 0,
    "dimension": 2,
    "von_mises_stress": {
      "min": 3.9150680014776253,
      "max": 12019.227443883838,
      "mean": 5724.3104349100095,
      "std": 2912.3465474084232
    }
  }
}