{
  "frame": 1000,
  "domain1": {
    "n_particles": 5832,
    "n_particles_total": 5832,
    "n_particles_filtered": 0,
    "dimension": 2,
    "von_mises_stress": {
      "min": 5.792114554056157,
      "max": 2681.0619173752852,
      "mean": 830.3920830473884,
      "std": 598.1198800727675
    }
  },
  "domain2": {
    "n_particles": 1706,
    "n_particles_total": 1706,
    "n_particles_filtered": 0,
    "dimension": 2,
    "von_mises_stress": {
      "min": 12.656693827702268,
      "max": 4718.207797132252,
      "mean": 2292.716145740236,
      "std": 1235.213387070599
    }
  }
}