{
    "gamma": [
        1.00e-02,
        2.85e-02,
        8.11e-02,
        2.31e-01,
        6.57e-01,
        1.87e+00,
        5.34e+00,
        1.52e+01,
        4.33e+01,
        1.23e+02,
        3.51e+02,
        1.00e+03
    ],
    "h/w": [
        1.803039e-03,
        4.079310e-03,
        1.380186e-02,
        4.057837e-02,
        1.260399e-01,
        3.041208e-01,
        0.741872e+00,
        3.219520e+00,
        6.184814e+00,
        1.046724e+01,
        1.782158e+01,
        2.956793e+01
    ]
}
