{
    "gamma": [
        1.00e-02,
        2.85e-02,
        8.11e-02,
        2.31e-01,
        6.57e-01,
        1.87e+00,
        5.34e+00,
        1.52e+01,
        4.33e+01,
        1.23e+02,
        3.51e+02,
        1.00e+03
    ],
    "h/w": [
        1.203039e-03,
        3.079310e-03,
        1.080186e-02,
        3.057837e-02,
        8.260399e-02,
        2.041208e-01,
        7.741872e-01,
        1.619520e+00,
        3.184814e+00,
        6.546724e+00,
        1.082158e+01,
        2.156793e+01
    ]
}
