{
    "gamma": [
        1.00e-02,
        2.85e-02,
        8.11e-02,
        2.31e-01,
        6.57e-01,
        1.87e+00,
        5.34e+00,
        1.52e+01,
        4.33e+01,
        1.23e+02,
        3.51e+02,
        1.00e+03
    ],
    "h/w": [
        2.803080e-03,
        8.080409e-03,
        2.380487e-02,
        7.059979e-02,
        2.262683e-01,
        6.062305e-01,
        1.457010e+00,
        3.318746e+00,
        6.613133e+00,
        1.185668e+01,
        6.782158e+01,
        4.320866e+01
    ]
}
