{
    "gamma": [
         1.00e-02,
        2.85e-02,
        8.11e-02 ,
        2.31e-01,
        6.57e-01,
        1.87e+00,
        5.34e+00,
            1.52e+01,
            4.33e+01,
            1.23e+02,
            3.51e+02,
            1.00e+03
    ],
    "h/w":[
0.002043,
0.007084,
0.022102,
0.066817,
0.215348,
0.991491,
1.348786,
2.887434,
4.974898,
8.111785,
19.492626,
7.446160e+01
    ]
}