{
    "mode": "schwarz",
    "big_domain_solve_time": 107.21103303687414,
    "small_domain_solve_time": 382.58871676638955,
    "other_time": 45.140402639168315,
    "total_time": 534.940152442432
}