{
    "mode": "schwarz",
    "big_domain_solve_time": 249.11626619893286,
    "small_domain_solve_time": 717.0040393649688,
    "other_time": 21.52500440404765,
    "total_time": 987.6453099679493
}