{
  "frame": 185000,
  "n_particles": 6408,
  "n_particles_total": 6408,
  "n_particles_filtered": 0,
  "dimension": 2,
  "stress_output_regions": null,
  "von_mises_stress": {
    "min": 0.0,
    "max": 11.648963269372096,
    "mean": 2.1940167331274814,
    "std": 2.600222600108492
  }
}