{
  "frame": 120000,
  "n_particles": 6408,
  "n_particles_total": 6408,
  "n_particles_filtered": 0,
  "dimension": 2,
  "stress_output_regions": null,
  "von_mises_stress": {
    "min": 0.0,
    "max": 19009.275653699024,
    "mean": 1309.2855488104562,
    "std": 2360.425825532475
  }
}