{
  "frame": 30000,
  "n_particles": 6408,
  "n_particles_total": 6408,
  "n_particles_filtered": 0,
  "dimension": 2,
  "stress_output_regions": null,
  "von_mises_stress": {
    "min": 0.0,
    "max": 19232.1178494543,
    "mean": 1329.6725807765026,
    "std": 2377.797137740362
  }
}