{
    "grid_sizes": [
        20,
        40,
        60,
        80
    ],
    "dx_values": [
        0.02,
        0.01,
        0.006666666666666667,
        0.005
    ],
    "integrated_errors_xx": [
        172.62088188523063,
        15.611876954224641,
        11.646691423572403,
        4.616736614754492
    ],
    "integrated_errors_yy": [
        126.19974199340686,
        66.1274393972778,
        38.266522524929556,
        32.40813150853832
    ],
    "integrated_errors_total": [
        149.41031193931875,
        40.86965817575122,
        24.95660697425098,
        18.512434061646406
    ],
    "convergence_rate": 1.5205475966330027
}