{
    "grid_sizes": [
        25,
        33,
        50,
        100
    ],
    "dx_values": [
        0.016,
        0.012121212121212121,
        0.008,
        0.004
    ],
    "integrated_errors_xx": [
        172.5773212301264,
        105.1970972474194,
        42.575636408575285,
        37.93129913334941
    ],
    "integrated_errors_yy": [
        389.58132167248783,
        315.4497812881616,
        163.8322726508754,
        120.28916178955055
    ],
    "integrated_errors_total": [
        281.0793214513071,
        210.3234392677905,
        103.20395452972535,
        79.11023046144999
    ],
    "convergence_rate": 0.9392672551576418
}