{
  "frame": 3500,
  "n_particles": 4224,
  "n_particles_total": 4224,
  "n_particles_filtered": 0,
  "dimension": 2,
  "stress_output_regions": [
    {
      "type": "rectangle",
      "params": {
        "range": [
          [
            0.0,
            1.0
          ],
          [
            0.0,
            1.0
          ]
        ]
      }
    }
  ],
  "von_mises_stress": {
    "min": 1.0650570519792009,
    "max": 377.5281744740335,
    "mean": 70.83341702348996,
    "std": 47.80021540012309
  }
}