{
    "mode": "schwarz",
    "big_domain_solve_time": 193.29181425047864,
    "small_domain_solve_time": 274.52938039341825,
    "other_time": 41.64275996501965,
    "total_time": 509.46395460891654
}