{
  "frame": 500,
  "n_particles": 6365,
  "n_particles_total": 6365,
  "n_particles_filtered": 0,
  "dimension": 2,
  "stress_output_regions": [
    {
      "type": "rectangle",
      "params": {
        "range": [
          [
            0.0,
            1.0
          ],
          [
            0.0,
            1.0
          ]
        ]
      }
    }
  ],
  "von_mises_stress": {
    "min": 4.333466097082987e-07,
    "max": 152.41184368713806,
    "mean": 53.5872734955474,
    "std": 47.170404555393155
  }
}