{
  "frame": 175000,
  "n_particles": 6408,
  "n_particles_total": 6408,
  "n_particles_filtered": 0,
  "dimension": 2,
  "stress_output_regions": null,
  "von_mises_stress": {
    "min": 0.0,
    "max": 33.176790533020664,
    "mean": 6.331738027066702,
    "std": 7.394715073377149
  }
}