{
  "frame": 3500,
  "domain1": {
    "n_particles": 5832,
    "n_particles_total": 5832,
    "n_particles_filtered": 0,
    "dimension": 2,
    "von_mises_stress": {
      "min": 20.575066222680835,
      "max": 6667.5413833546745,
      "mean": 2421.5076184524655,
      "std": 1285.864954029695
    }
  },
  "domain2": {
    "n_particles": 5148,
    "n_particles_total": 5148,
    "n_particles_filtered": 0,
    "dimension": 2,
    "von_mises_stress": {
      "min": 12.022997858130582,
      "max": 12286.431932109808,
      "mean": 5923.766673425536,
      "std": 3021.8818680325885
    }
  }
}