{
  "frame": 3000,
  "n_particles": 17158,
  "n_particles_total": 17158,
  "n_particles_filtered": 0,
  "dimension": 2,
  "stress_output_regions": [
    {
      "type": "rectangle",
      "params": {
        "range": [
          [
            0.0,
            1.0
          ],
          [
            0.0,
            1.0
          ]
        ]
      }
    }
  ],
  "von_mises_stress": {
    "min": 0.0,
    "max": 253.64271749563585,
    "mean": 67.31529671158896,
    "std": 47.25647903565187
  }
}