{
  "frame": 160000,
  "n_particles": 6408,
  "n_particles_total": 6408,
  "n_particles_filtered": 0,
  "dimension": 2,
  "stress_output_regions": null,
  "von_mises_stress": {
    "min": 0.0,
    "max": 39194.0891804983,
    "mean": 4247.986250006605,
    "std": 3779.1888043076265
  }
}