{
    "mode": "schwarz",
    "big_domain_solve_time": 125.46565074529644,
    "small_domain_solve_time": 473.6705154529991,
    "other_time": 79.31986414563653,
    "total_time": 678.4560303439321
}