{
    "mode": "schwarz",
    "big_domain_solve_time": 9.343069451977499,
    "small_domain_solve_time": 23.65833824404399,
    "other_time": 3.723528532002092,
    "total_time": 36.72493622802358
}