{
  "frame": 50000,
  "n_particles": 6408,
  "n_particles_total": 6408,
  "n_particles_filtered": 0,
  "dimension": 2,
  "stress_output_regions": null,
  "von_mises_stress": {
    "min": 0.0,
    "max": 262.05405491120104,
    "mean": 49.57275158278724,
    "std": 57.236958994775364
  }
}