{
  "frame": 1500,
  "n_particles": 4040,
  "n_particles_total": 4040,
  "n_particles_filtered": 0,
  "dimension": 2,
  "stress_output_regions": [
    {
      "type": "rectangle",
      "params": {
        "range": [
          [
            0.0,
            1.0
          ],
          [
            0.0,
            1.0
          ]
        ]
      }
    }
  ],
  "von_mises_stress": {
    "min": 3.439685189604281,
    "max": 250.56612162877354,
    "mean": 70.22493493164812,
    "std": 44.66564727370493
  }
}