{
    "mode": "schwarz",
    "big_domain_solve_time": 23.552442601892835,
    "small_domain_solve_time": 374.43375327804097,
    "other_time": 18.114746295064833,
    "total_time": 416.10094217499864
}