{
  "frame": 2000,
  "n_particles": 8880,
  "n_particles_total": 8880,
  "n_particles_filtered": 0,
  "dimension": 2,
  "stress_output_regions": [
    {
      "type": "rectangle",
      "params": {
        "range": [
          [
            0.0,
            1.0
          ],
          [
            0.0,
            1.0
          ]
        ]
      }
    }
  ],
  "von_mises_stress": {
    "min": 0.9940853132087196,
    "max": 235.65918409675632,
    "mean": 70.96778875900452,
    "std": 45.516162340832494
  }
}