{
  "frame": 135000,
  "n_particles": 6408,
  "n_particles_total": 6408,
  "n_particles_filtered": 0,
  "dimension": 2,
  "stress_output_regions": null,
  "von_mises_stress": {
    "min": 0.0,
    "max": 94.62677088683023,
    "mean": 17.857742900163576,
    "std": 20.973171755570046
  }
}