{
  "frame": 80000,
  "n_particles": 6408,
  "n_particles_total": 6408,
  "n_particles_filtered": 0,
  "dimension": 2,
  "stress_output_regions": null,
  "von_mises_stress": {
    "min": 0.0,
    "max": 39192.533525853,
    "mean": 4248.217672155294,
    "std": 3778.985128528235
  }
}