{
    "mode": "schwarz",
    "big_domain_solve_time": 234.35898588799864,
    "small_domain_solve_time": 505.2451346019816,
    "other_time": 15.909838898024645,
    "total_time": 755.5139593880049
}