{
  "frame": 30,
  "n_particles": 1452,
  "n_particles_total": 1452,
  "n_particles_filtered": 0,
  "dimension": 2,
  "stress_output_regions": [
    {
      "type": "rectangle",
      "params": {
        "range": [
          [
            0,
            1
          ],
          [
            0,
            1
          ]
        ]
      }
    }
  ],
  "von_mises_stress": {
    "min": 0.010416828501784462,
    "max": 599.5809138091843,
    "mean": 228.63938989326215,
    "std": 203.07084406962534
  }
}