{
  "frame": 2000,
  "domain1": {
    "n_particles": 24320,
    "n_particles_total": 24320,
    "n_particles_filtered": 0,
    "dimension": 2,
    "von_mises_stress": {
      "min": 0.057278875835358796,
      "max": 192.33875893508784,
      "mean": 35.98503249930983,
      "std": 35.98346629283127
    }
  },
  "domain2": {
    "n_particles": 9141,
    "n_particles_total": 9141,
    "n_particles_filtered": 0,
    "dimension": 2,
    "von_mises_stress": {
      "min": 108.78294321525601,
      "max": 598.2948756571642,
      "mean": 276.31184106575415,
      "std": 158.52149487332397
    }
  }
}