{
  "frame": 252,
  "domain1": {
    "n_particles": 3081,
    "n_particles_total": 3081,
    "n_particles_filtered": 0,
    "dimension": 2,
    "von_mises_stress": {
      "min": 0.08173370944979277,
      "max": 5832.885010503775,
      "mean": 169.2981497018112,
      "std": 506.6620045935124
    }
  },
  "domain2": {
    "n_particles": 1609,
    "n_particles_total": 1609,
    "n_particles_filtered": 0,
    "dimension": 2,
    "von_mises_stress": {
      "min": 0.009427086830608864,
      "max": 9.256648395979527,
      "mean": 0.5907950740984981,
      "std": 0.7259106537703232
    }
  }
}