{
  "frame": 60000,
  "n_particles": 6408,
  "n_particles_total": 6408,
  "n_particles_filtered": 0,
  "dimension": 2,
  "stress_output_regions": null,
  "von_mises_stress": {
    "min": 0.0,
    "max": 10.847116454835533,
    "mean": 2.0217586576487583,
    "std": 2.41468526856163
  }
}