{
  "frame": 65000,
  "n_particles": 6408,
  "n_particles_total": 6408,
  "n_particles_filtered": 0,
  "dimension": 2,
  "stress_output_regions": null,
  "von_mises_stress": {
    "min": 0.0,
    "max": 3993.524348909274,
    "mean": 582.8992927683295,
    "std": 774.4562339480112
  }
}