{
  "frame": 40000,
  "n_particles": 6408,
  "n_particles_total": 6408,
  "n_particles_filtered": 0,
  "dimension": 2,
  "stress_output_regions": null,
  "von_mises_stress": {
    "min": 0.0,
    "max": 1936.044295553386,
    "mean": 346.0723415564869,
    "std": 407.16621915466254
  }
}