{
  "frame": 75000,
  "n_particles": 6408,
  "n_particles_total": 6408,
  "n_particles_filtered": 0,
  "dimension": 2,
  "stress_output_regions": null,
  "von_mises_stress": {
    "min": 0.0,
    "max": 39194.819814971066,
    "mean": 4247.865786855509,
    "std": 3779.2928459353766
  }
}