{
    "mode": "schwarz",
    "big_domain_solve_time": 475.3083652839414,
    "small_domain_solve_time": 2112.028882634244,
    "other_time": 60.33333444647724,
    "total_time": 2647.6705823646626
}