{
  "frame": 90000,
  "n_particles": 6408,
  "n_particles_total": 6408,
  "n_particles_filtered": 0,
  "dimension": 2,
  "stress_output_regions": null,
  "von_mises_stress": {
    "min": 0.0,
    "max": 4107.883808932382,
    "mean": 604.8261541204595,
    "std": 799.178473012217
  }
}