{
  "dim": 2,
  "nx": 70,
  "ny": 70,
  "offset": [
    0.033333,
    0.033333
  ],
  "dx_x": 0.0006349142857142857,
  "dx_y": 0.0006349142857142857,
  "material_id_used": 0,
  "mu": 38461.53846153846,
  "lambda": 57692.30769230769,
  "elasticity_model": "linear",
  "valid_mass_threshold": 1e-10,
  "valid_grid_count": 1649,
  "invalid_j_count": 0
}