{
    "mode": "schwarz",
    "big_domain_solve_time": 97.1470841592236,
    "small_domain_solve_time": 149.32963677574298,
    "other_time": 35.2233853295038,
    "total_time": 281.7001062644704
}