{
    "grid_sizes": [
        25,
        33,
        50,
        100
    ],
    "dx_values": [
        0.016,
        0.012121212121212121,
        0.008,
        0.004
    ],
    "integrated_errors_xx": [
        NaN,
        NaN,
        18.599657573234538,
        15.054533122794476
    ],
    "integrated_errors_yy": [
        NaN,
        NaN,
        57.378571197097585,
        27.49571460018498
    ],
    "integrated_errors_total": [
        NaN,
        NaN,
        37.98911438516606,
        21.27512386148973
    ],
    "convergence_rate": 0.8364185486581711
}