{
    "grid_sizes": [
        25,
        33,
        50,
        100
    ],
    "dx_values": [
        0.016,
        0.012121212121212121,
        0.008,
        0.004
    ],
    "integrated_errors_xx": [
        127.27883626323455,
        85.10552332154639,
        30.63318433536212,
        19.006395850705314
    ],
    "integrated_errors_yy": [
        138.3468351508084,
        92.96226015177466,
        45.97216193557954,
        24.654196647219912
    ],
    "integrated_errors_total": [
        132.81283570702146,
        89.03389173666052,
        38.30267313547083,
        21.83029624896261
    ],
    "convergence_rate": 1.3239945109826226
}