{
  "frame": 1372,
  "domain1": {
    "n_particles": 3081,
    "n_particles_total": 3081,
    "n_particles_filtered": 0,
    "dimension": 2,
    "von_mises_stress": {
      "min": 97.97037961687265,
      "max": 7194.888426209849,
      "mean": 1366.130286843289,
      "std": 482.6793525531232
    }
  },
  "domain2": {
    "n_particles": 1201,
    "n_particles_total": 1201,
    "n_particles_filtered": 0,
    "dimension": 2,
    "von_mises_stress": {
      "min": 46.06805893694252,
      "max": 7811.925782740468,
      "mean": 885.1483826525515,
      "std": 444.4131183490249
    }
  }
}