{
  "frame": 165000,
  "n_particles": 6408,
  "n_particles_total": 6408,
  "n_particles_filtered": 0,
  "dimension": 2,
  "stress_output_regions": null,
  "von_mises_stress": {
    "min": 0.0,
    "max": 4069.3237253125203,
    "mean": 597.6129150920113,
    "std": 790.4429073184741
  }
}