{
  "frame": 200000,
  "n_particles": 6408,
  "n_particles_total": 6408,
  "n_particles_filtered": 0,
  "dimension": 2,
  "stress_output_regions": null,
  "von_mises_stress": {
    "min": 0.0,
    "max": 11.626843516106048,
    "mean": 2.1906743458434774,
    "std": 2.5953729515684585
  }
}