{
  "frame": 5000,
  "n_particles": 4040,
  "n_particles_total": 4040,
  "n_particles_filtered": 0,
  "dimension": 2,
  "stress_output_regions": [
    {
      "type": "rectangle",
      "params": {
        "range": [
          [
            0.0,
            1.0
          ],
          [
            0.0,
            1.0
          ]
        ]
      }
    }
  ],
  "von_mises_stress": {
    "min": 5.970422584898199,
    "max": 268.74635592041653,
    "mean": 75.16180592923537,
    "std": 48.31896985142323
  }
}