{
    "grid_sizes": [
        25,
        33,
        50,
        100
    ],
    "dx_values": [
        0.016,
        0.012121212121212121,
        0.008,
        0.004
    ],
    "integrated_errors_xx": [
        NaN,
        NaN,
        5.2193303668598805,
        6.954786099002198
    ],
    "integrated_errors_yy": [
        NaN,
        NaN,
        40.86844204333867,
        23.650944015288708
    ],
    "integrated_errors_total": [
        NaN,
        NaN,
        23.043886205099273,
        15.302865057145453
    ],
    "convergence_rate": 0.5905822539235359
}