{
    "grid_sizes": [
        25,
        33,
        50,
        100
    ],
    "dx_values": [
        0.016,
        0.012121212121212121,
        0.008,
        0.004
    ],
    "integrated_errors_xx": [
        59.08909213935963,
        39.1197963543797,
        8.238528234390484,
        8.870515544371756
    ],
    "integrated_errors_yy": [
        103.9751099121037,
        69.7826109835244,
        40.97281761089058,
        19.76909690532983
    ],
    "integrated_errors_total": [
        81.53210102573166,
        54.451203668952054,
        24.605672922640533,
        14.319806224850794
    ],
    "convergence_rate": 1.27013834326587
}