{
  "frame": 5000,
  "domain1": {
    "n_particles": 10368,
    "n_particles_total": 10368,
    "n_particles_filtered": 0,
    "dimension": 2,
    "von_mises_stress": {
      "min": 14.284854617297915,
      "max": 3153.685873591468,
      "mean": 1284.5128188256558,
      "std": 591.2813030065818
    }
  },
  "domain2": {
    "n_particles": 3809,
    "n_particles_total": 3809,
    "n_particles_filtered": 0,
    "dimension": 2,
    "von_mises_stress": {
      "min": 7.912856731013053,
      "max": 5627.503142376967,
      "mean": 2799.555832003066,
      "std": 1443.7719331622645
    }
  }
}