{
  "frame": 2000,
  "n_particles": 27225,
  "n_particles_total": 27225,
  "n_particles_filtered": 0,
  "dimension": 2,
  "stress_output_regions": [
    {
      "type": "rectangle",
      "params": {
        "range": [
          [
            0,
            1
          ],
          [
            0,
            1
          ]
        ]
      }
    }
  ],
  "von_mises_stress": {
    "min": 316.8407486969409,
    "max": 3090.5953125690476,
    "mean": 630.7643739608452,
    "std": 274.15803783274157
  }
}