{
  "frame": 110000,
  "n_particles": 6408,
  "n_particles_total": 6408,
  "n_particles_filtered": 0,
  "dimension": 2,
  "stress_output_regions": null,
  "von_mises_stress": {
    "min": 0.0,
    "max": 39194.32534424829,
    "mean": 4247.926802483313,
    "std": 3779.2257935199395
  }
}