{
  "frame": 2000,
  "n_particles": 102766,
  "n_particles_total": 102766,
  "n_particles_filtered": 0,
  "dimension": 2,
  "stress_output_regions": [
    {
      "type": "rectangle",
      "params": {
        "range": [
          [
            0,
            1
          ],
          [
            0,
            1
          ]
        ]
      }
    }
  ],
  "von_mises_stress": {
    "min": 221.3658700479237,
    "max": 4863.484185278915,
    "mean": 1774.8346781133741,
    "std": 520.1888670453899
  }
}