{
  "frame": 130000,
  "n_particles": 6408,
  "n_particles_total": 6408,
  "n_particles_filtered": 0,
  "dimension": 2,
  "stress_output_regions": null,
  "von_mises_stress": {
    "min": 0.0,
    "max": 32.95676612032565,
    "mean": 6.293593413641243,
    "std": 7.354265050651799
  }
}