{
  "frame": 85000,
  "n_particles": 6408,
  "n_particles_total": 6408,
  "n_particles_filtered": 0,
  "dimension": 2,
  "stress_output_regions": null,
  "von_mises_stress": {
    "min": 0.0,
    "max": 11.986666716217329,
    "mean": 2.2623892383124065,
    "std": 2.6790837167221206
  }
}