{
    "mode": "schwarz",
    "big_domain_solve_time": 10.477170671965723,
    "small_domain_solve_time": 18.604427951959224,
    "other_time": 4.061162550111476,
    "total_time": 33.14276117403642
}