{
    "mode": "schwarz",
    "big_domain_solve_time": 41.979562361973876,
    "small_domain_solve_time": 99.77364232900072,
    "other_time": 11.620883954006786,
    "total_time": 153.37408864498138
}