{
    "mode": "schwarz",
    "big_domain_solve_time": 80.35978013984277,
    "small_domain_solve_time": 378.5476551852771,
    "other_time": 18.504024910042062,
    "total_time": 477.41146023516194
}