{
  "frame": 55000,
  "n_particles": 6408,
  "n_particles_total": 6408,
  "n_particles_filtered": 0,
  "dimension": 2,
  "stress_output_regions": null,
  "von_mises_stress": {
    "min": 0.0,
    "max": 7413.303546202574,
    "mean": 749.5002978377347,
    "std": 1238.1515435217784
  }
}