{
    "mode": "schwarz",
    "big_domain_solve_time": 7.7957728789733665,
    "small_domain_solve_time": 25.277307354976074,
    "other_time": 4.288018255032512,
    "total_time": 37.36109848898195
}