{
    "mode": "schwarz",
    "big_domain_solve_time": 41.35580215298978,
    "small_domain_solve_time": 98.72761549897132,
    "other_time": 10.30114897704243,
    "total_time": 150.38456662900353
}