{
  "frame": 135000,
  "n_particles": 6408,
  "n_particles_total": 6408,
  "n_particles_filtered": 0,
  "dimension": 2,
  "stress_output_regions": null,
  "von_mises_stress": {
    "min": 0.0,
    "max": 39194.11370593886,
    "mean": 4247.974743215697,
    "std": 3779.1942107787822
  }
}