{
    "grid_sizes": [
        25,
        33,
        50,
        100
    ],
    "dx_values": [
        0.016,
        0.012121212121212121,
        0.008,
        0.004
    ],
    "integrated_errors_xx": [
        211.05821592073625,
        106.388150404587,
        30.468930999292592,
        26.091142715829466
    ],
    "integrated_errors_yy": [
        162.9350007282369,
        97.23935221846294,
        34.10662044377028,
        20.996801883010235
    ],
    "integrated_errors_total": [
        186.99660832448657,
        101.81375131152497,
        32.28777572153144,
        23.54397229941985
    ],
    "convergence_rate": 1.5082677096099548
}