{
  "frame": 180000,
  "n_particles": 6408,
  "n_particles_total": 6408,
  "n_particles_filtered": 0,
  "dimension": 2,
  "stress_output_regions": null,
  "von_mises_stress": {
    "min": 0.0,
    "max": 4068.484983617889,
    "mean": 597.6387006770497,
    "std": 790.4102557528602
  }
}