{
  "frame": 15000,
  "n_particles": 6408,
  "n_particles_total": 6408,
  "n_particles_filtered": 0,
  "dimension": 2,
  "stress_output_regions": null,
  "von_mises_stress": {
    "min": 0.0,
    "max": 18478.14711310959,
    "mean": 1278.746813231735,
    "std": 2294.078152234791
  }
}