{
    "mode": "schwarz",
    "big_domain_solve_time": 167.11767903489817,
    "small_domain_solve_time": 253.37638471010723,
    "other_time": 44.263176508873585,
    "total_time": 464.757240253879
}