{
    "mode": "single",
    "solve_time": 75.92419491000004,
    "other_time": 1.631599401999722,
    "total_time": 77.55579431199976
}