{
    "mode": "single",
    "solve_time": 116.28405916007614,
    "other_time": 4.41990761589841,
    "total_time": 120.70396677597455
}