{
    "mode": "schwarz",
    "big_domain_solve_time": 227.5611084314005,
    "small_domain_solve_time": 315.4023842262832,
    "other_time": 49.04348958606715,
    "total_time": 592.0069822437508
}