{
  "frame": 3000,
  "n_particles": 25600,
  "n_particles_total": 25600,
  "n_particles_filtered": 0,
  "dimension": 2,
  "stress_output_regions": [
    {
      "type": "rectangle",
      "params": {
        "range": [
          [
            0.0,
            1.0
          ],
          [
            0.0,
            1.0
          ]
        ]
      }
    }
  ],
  "von_mises_stress": {
    "min": 0.06232013426551489,
    "max": 544.2565655677107,
    "mean": 53.82611654749533,
    "std": 85.16530337435834
  }
}