{
  "frame": 35000,
  "n_particles": 6408,
  "n_particles_total": 6408,
  "n_particles_filtered": 0,
  "dimension": 2,
  "stress_output_regions": null,
  "von_mises_stress": {
    "min": 0.0,
    "max": 2121.829097297295,
    "mean": 389.2533853337438,
    "std": 449.25507195599215
  }
}