{
  "frame": 3500,
  "n_particles": 9753,
  "n_particles_total": 9753,
  "n_particles_filtered": 0,
  "dimension": 2,
  "stress_output_regions": [
    {
      "type": "rectangle",
      "params": {
        "range": [
          [
            0.0,
            1.0
          ],
          [
            0.0,
            1.0
          ]
        ]
      }
    }
  ],
  "von_mises_stress": {
    "min": 0.025841822009336154,
    "max": 240.77385706354795,
    "mean": 67.60616760319316,
    "std": 46.43900698854669
  }
}