{
    "mode": "schwarz",
    "big_domain_solve_time": 69.91655964768142,
    "small_domain_solve_time": 115.55607574645546,
    "other_time": 30.334937156003434,
    "total_time": 215.80757255014032
}