{
  "frame": 4000,
  "domain1": {
    "n_particles": 5832,
    "n_particles_total": 5832,
    "n_particles_filtered": 0,
    "dimension": 2,
    "von_mises_stress": {
      "min": 6.970263799734964,
      "max": 3129.6518511868762,
      "mean": 1258.4817474861304,
      "std": 572.0588126706317
    }
  },
  "domain2": {
    "n_particles": 1706,
    "n_particles_total": 1706,
    "n_particles_filtered": 0,
    "dimension": 2,
    "von_mises_stress": {
      "min": 5.178936278698961,
      "max": 5544.626433769411,
      "mean": 2814.550017017471,
      "std": 1473.5371787351198
    }
  }
}