{
    "mode": "schwarz",
    "big_domain_solve_time": 100.3703740722558,
    "small_domain_solve_time": 167.64914717256033,
    "other_time": 55.34738544431457,
    "total_time": 323.3669066891307
}