{
  "frame": 135000,
  "n_particles": 6408,
  "n_particles_total": 6408,
  "n_particles_filtered": 0,
  "dimension": 2,
  "stress_output_regions": null,
  "von_mises_stress": {
    "min": 0.0,
    "max": 33.00278532023369,
    "mean": 6.295136842738357,
    "std": 7.359376209685097
  }
}