{
    "grid_sizes": [
        62,
        83,
        125,
        250
    ],
    "dx_values": [
        0.016129032258064516,
        0.012048192771084338,
        0.008,
        0.004
    ],
    "integrated_errors_xx": [
        24.34263736254637,
        32.908497471202544,
        NaN,
        13.846386410006714
    ],
    "integrated_errors_yy": [
        60.21225448744107,
        25.231265883550112,
        NaN,
        12.103147771957419
    ],
    "integrated_errors_total": [
        42.27744592499372,
        29.06988167737633,
        NaN,
        12.974767090982066
    ],
    "convergence_rate": 0.8153387605459218
}