{
    "grid_sizes": [
        62,
        83,
        125,
        250
    ],
    "dx_values": [
        0.016129032258064516,
        0.012048192771084338,
        0.008,
        0.004
    ],
    "integrated_errors_xx": [
        18.166780475914795,
        29.201537526039917,
        39.51180850782814,
        48.39258334712722
    ],
    "integrated_errors_yy": [
        21.15274168046693,
        19.950300450008758,
        30.088757073611003,
        45.732499062328145
    ],
    "integrated_errors_total": [
        19.65976107819086,
        24.575918988024338,
        34.80028279071957,
        47.06254120472768
    ],
    "convergence_rate": -0.6273236819843666
}