{
    "grid_sizes": [
        62,
        83,
        125,
        250
    ],
    "dx_values": [
        0.016129032258064516,
        0.012048192771084338,
        0.008,
        0.004
    ],
    "integrated_errors_xx": [
        20.110790324087574,
        18.705109317321636,
        19.34031093872933,
        8.52146700826821
    ],
    "integrated_errors_yy": [
        71.2171688657594,
        44.07292147982158,
        31.549333102999682,
        18.646961628311875
    ],
    "integrated_errors_total": [
        45.66397959492349,
        31.38901539857161,
        25.444822020864507,
        13.584214318290043
    ],
    "convergence_rate": 0.8334198249728891
}