{
    "grid_sizes": [
        62,
        83,
        125,
        250
    ],
    "dx_values": [
        0.016129032258064516,
        0.012048192771084338,
        0.008,
        0.004
    ],
    "integrated_errors_xx": [
        12.111282471740665,
        13.093235521523917,
        15.119035627732037,
        7.317599219070495
    ],
    "integrated_errors_yy": [
        27.989151114474485,
        18.638645333358223,
        14.490896743421539,
        10.141856727221635
    ],
    "integrated_errors_total": [
        20.050216793107573,
        15.865940427441071,
        14.804966185576788,
        8.729727973146066
    ],
    "convergence_rate": 0.5686827441492915
}