{
    "grid_sizes": [
        62,
        83,
        125,
        250
    ],
    "dx_values": [
        0.016129032258064516,
        0.012048192771084338,
        0.008,
        0.004
    ],
    "integrated_errors_xx": [
        15.15968254505258,
        18.787010161190018,
        NaN,
        10.571140522239926
    ],
    "integrated_errors_yy": [
        10.731813293140139,
        12.188640094542711,
        NaN,
        9.391608404833509
    ],
    "integrated_errors_total": [
        12.945747919096359,
        15.487825127866365,
        NaN,
        9.981374463536717
    ],
    "convergence_rate": 0.2449017414387936
}