{
  "frame": 100000,
  "n_particles": 6408,
  "n_particles_total": 6408,
  "n_particles_filtered": 0,
  "dimension": 2,
  "stress_output_regions": null,
  "von_mises_stress": {
    "min": 0.0,
    "max": 11.845466320159007,
    "mean": 2.245115123065898,
    "std": 2.647952463469417
  }
}