{
  "frame": 500,
  "domain1": {
    "n_particles": 10368,
    "n_particles_total": 10368,
    "n_particles_filtered": 0,
    "dimension": 2,
    "von_mises_stress": {
      "min": 19.56811858480772,
      "max": 2724.3256146179856,
      "mean": 712.1689233450209,
      "std": 546.7982115367362
    }
  },
  "domain2": {
    "n_particles": 1706,
    "n_particles_total": 1706,
    "n_particles_filtered": 0,
    "dimension": 2,
    "von_mises_stress": {
      "min": 23.10762290966891,
      "max": 4679.778011145647,
      "mean": 2168.5152976924983,
      "std": 1177.991650724149
    }
  }
}