{
    "mode": "schwarz",
    "big_domain_solve_time": 154.49380728290635,
    "small_domain_solve_time": 254.79681932915264,
    "other_time": 85.4588943798517,
    "total_time": 494.7495209919107
}