{
  "frame": 60000,
  "n_particles": 6408,
  "n_particles_total": 6408,
  "n_particles_filtered": 0,
  "dimension": 2,
  "stress_output_regions": null,
  "von_mises_stress": {
    "min": 0.0,
    "max": 31.524924288909272,
    "mean": 5.8276404090069285,
    "std": 6.986216554056892
  }
}