{
  "frame": 125000,
  "n_particles": 6408,
  "n_particles_total": 6408,
  "n_particles_filtered": 0,
  "dimension": 2,
  "stress_output_regions": null,
  "von_mises_stress": {
    "min": 0.0,
    "max": 11.50800931208524,
    "mean": 2.1644004868091167,
    "std": 2.567140693350788
  }
}