{
  "frame": 2000,
  "n_particles": 4040,
  "n_particles_total": 4040,
  "n_particles_filtered": 0,
  "dimension": 2,
  "stress_output_regions": [
    {
      "type": "rectangle",
      "params": {
        "range": [
          [
            0.0,
            1.0
          ],
          [
            0.0,
            1.0
          ]
        ]
      }
    }
  ],
  "von_mises_stress": {
    "min": 5.921517957321621,
    "max": 250.93560104782554,
    "mean": 71.00327503180729,
    "std": 44.69224187552453
  }
}