{
    "mode": "single",
    "solve_time": 315.2738419840002,
    "other_time": 1.9881919109999444,
    "total_time": 317.2620338950002
}