{
    "mode": "single",
    "solve_time": 1558.9512103230954,
    "other_time": 13.35672678003175,
    "total_time": 1572.3079371031272
}