{
  "frame": 1000,
  "n_particles": 2184,
  "n_particles_total": 2184,
  "n_particles_filtered": 0,
  "dimension": 2,
  "stress_output_regions": [
    {
      "type": "rectangle",
      "params": {
        "range": [
          [
            0.0,
            1.0
          ],
          [
            0.0,
            1.0
          ]
        ]
      }
    }
  ],
  "von_mises_stress": {
    "min": 0.26557667689549624,
    "max": 255.36154855784622,
    "mean": 67.79002589912628,
    "std": 45.679566880245574
  }
}