{
  "dim": 2,
  "nx": 62,
  "ny": 62,
  "offset": [
    0.0,
    0.0
  ],
  "dx_x": 0.016129032258064516,
  "dx_y": 0.016129032258064516,
  "elasticity_model": "linear",
  "valid_mass_threshold": 1e-10,
  "valid_grid_count": 2740
}