{
    "mode": "schwarz",
    "big_domain_solve_time": 45.774761977925664,
    "small_domain_solve_time": 139.07631250602208,
    "other_time": 16.230888821039116,
    "total_time": 201.08196330498686
}