{
    "mode": "schwarz",
    "big_domain_solve_time": 12.610736781971355,
    "small_domain_solve_time": 55.89267350510636,
    "other_time": 10.3863138338711,
    "total_time": 78.88972412094881
}