{
  "frame": 115000,
  "n_particles": 6408,
  "n_particles_total": 6408,
  "n_particles_filtered": 0,
  "dimension": 2,
  "stress_output_regions": null,
  "von_mises_stress": {
    "min": 0.0,
    "max": 11929.458646772237,
    "mean": 868.5336488948647,
    "std": 1712.5305505573983
  }
}