{
  "frame": 145000,
  "n_particles": 6408,
  "n_particles_total": 6408,
  "n_particles_filtered": 0,
  "dimension": 2,
  "stress_output_regions": null,
  "von_mises_stress": {
    "min": 0.0,
    "max": 11.63208473734925,
    "mean": 2.194111705939194,
    "std": 2.5971162703905386
  }
}