{
    "grid_sizes": [
        62,
        83,
        125,
        250
    ],
    "dx_values": [
        0.016129032258064516,
        0.012048192771084338,
        0.008,
        0.004
    ],
    "integrated_errors_xx": [
        64.85073925351806,
        73.64120165544188,
        58.319476256410184,
        28.44150182941223
    ],
    "integrated_errors_yy": [
        169.83394023523627,
        117.99018929211802,
        81.67899710289531,
        52.73679039371235
    ],
    "integrated_errors_total": [
        117.34233974437717,
        95.81569547377995,
        69.99923667965274,
        40.589146111562286
    ],
    "convergence_rate": 0.7651324712113738
}