{
    "grid_sizes": [
        62,
        83,
        125,
        250
    ],
    "dx_values": [
        0.016129032258064516,
        0.012048192771084338,
        0.008,
        0.004
    ],
    "integrated_errors_xx": [
        46.187412672695366,
        52.084745503019064,
        43.062158155572064,
        26.288757315883913
    ],
    "integrated_errors_yy": [
        160.65860393904333,
        115.61679606813395,
        79.05611960179907,
        29.509377890829683
    ],
    "integrated_errors_total": [
        103.42300830586935,
        83.85077078557651,
        61.059138878685566,
        27.899067603356798
    ],
    "convergence_rate": 0.9450329330848812
}