{
    "grid_sizes": [
        62,
        83,
        125,
        250
    ],
    "dx_values": [
        0.016129032258064516,
        0.012048192771084338,
        0.008,
        0.004
    ],
    "integrated_errors_xx": [
        44.265910003899556,
        65.93219507535204,
        NaN,
        24.752373092997722
    ],
    "integrated_errors_yy": [
        198.14175236784217,
        117.27996914877285,
        NaN,
        46.27056472631774
    ],
    "integrated_errors_total": [
        121.20383118587087,
        91.60608211206244,
        NaN,
        35.51146890965773
    ],
    "convergence_rate": 0.8746536506697883
}