{
  "frame": 195000,
  "n_particles": 6408,
  "n_particles_total": 6408,
  "n_particles_filtered": 0,
  "dimension": 2,
  "stress_output_regions": null,
  "von_mises_stress": {
    "min": 0.0,
    "max": 7272.011967127633,
    "mean": 724.1547358050059,
    "std": 1214.6011451786765
  }
}