{
    "mode": "schwarz",
    "big_domain_solve_time": 11.876948791294126,
    "small_domain_solve_time": 49.28976270704152,
    "other_time": 9.869588875691989,
    "total_time": 71.03630037402763
}