{
  "frame": 2000,
  "domain1": {
    "n_particles": 10368,
    "n_particles_total": 10368,
    "n_particles_filtered": 0,
    "dimension": 2,
    "von_mises_stress": {
      "min": 6.103432468550501,
      "max": 2910.7411358213844,
      "mean": 1324.5287119733337,
      "std": 550.9996179402212
    }
  },
  "domain2": {
    "n_particles": 6820,
    "n_particles_total": 6820,
    "n_particles_filtered": 0,
    "dimension": 2,
    "von_mises_stress": {
      "min": 6.045088048965103,
      "max": 5531.680783970462,
      "mean": 2552.712907515278,
      "std": 1334.343571160285
    }
  }
}