{
    "mode": "schwarz",
    "big_domain_solve_time": 35.06350506891613,
    "small_domain_solve_time": 214.86244435497792,
    "other_time": 14.484901567018824,
    "total_time": 264.4108509909129
}