{
  "frame": 0,
  "n_particles": 9621,
  "n_particles_total": 9621,
  "n_particles_filtered": 0,
  "dimension": 2,
  "stress_output_regions": [
    {
      "type": "rectangle",
      "params": {
        "range": [
          [
            0.0,
            1.0
          ],
          [
            0.0,
            1.0
          ]
        ]
      }
    }
  ],
  "von_mises_stress": {
    "min": 192307.6923076923,
    "max": 192307.6923076923,
    "mean": 192307.69230769234,
    "std": 2.9103830456733704e-11
  }
}