{
  "frame": 2000,
  "domain1": {
    "n_particles": 3698,
    "n_particles_total": 3698,
    "n_particles_filtered": 0,
    "dimension": 2,
    "von_mises_stress": {
      "min": 0.8163509020303897,
      "max": 274.03365389224786,
      "mean": 137.7023470515087,
      "std": 53.142457993733515
    }
  },
  "domain2": {
    "n_particles": 3809,
    "n_particles_total": 3809,
    "n_particles_filtered": 0,
    "dimension": 2,
    "von_mises_stress": {
      "min": 0.6362892978150166,
      "max": 500.9464206383365,
      "mean": 251.19739855969726,
      "std": 128.38368639398954
    }
  }
}