{
  "frame": 5000,
  "n_particles": 6408,
  "n_particles_total": 6408,
  "n_particles_filtered": 0,
  "dimension": 2,
  "stress_output_regions": null,
  "von_mises_stress": {
    "min": 0.0,
    "max": 79.92828327485745,
    "mean": 9.389394304769228,
    "std": 13.878537599760145
  }
}