{
  "frame": 185000,
  "n_particles": 6408,
  "n_particles_total": 6408,
  "n_particles_filtered": 0,
  "dimension": 2,
  "stress_output_regions": null,
  "von_mises_stress": {
    "min": 0.0,
    "max": 259.8558944020412,
    "mean": 49.32111649000803,
    "std": 56.811921290727675
  }
}