{
  "frame": 105000,
  "n_particles": 6408,
  "n_particles_total": 6408,
  "n_particles_filtered": 0,
  "dimension": 2,
  "stress_output_regions": null,
  "von_mises_stress": {
    "min": 0.0,
    "max": 19008.238340296117,
    "mean": 1309.342561081739,
    "std": 2360.3261459653436
  }
}