{
  "frame": 150,
  "n_particles": 603,
  "n_particles_total": 603,
  "n_particles_filtered": 0,
  "dimension": 2,
  "stress_output_regions": null,
  "von_mises_stress": {
    "min": 102.38975550114466,
    "max": 625087.6115436462,
    "mean": 37694.371701462296,
    "std": 109625.00216171771
  }
}