{
    "mode": "schwarz",
    "big_domain_solve_time": 12.165647012949194,
    "small_domain_solve_time": 71.72460060401136,
    "other_time": 5.934721367051679,
    "total_time": 89.82496898401223
}