{
    "mode": "schwarz",
    "big_domain_solve_time": 52.47588513206574,
    "small_domain_solve_time": 118.78788439258642,
    "other_time": 33.89862745764549,
    "total_time": 205.16239698229765
}