{
  "frame": 1500,
  "n_particles": 15864,
  "n_particles_total": 15864,
  "n_particles_filtered": 0,
  "dimension": 2,
  "stress_output_regions": [
    {
      "type": "rectangle",
      "params": {
        "range": [
          [
            0.0,
            1.0
          ],
          [
            0.0,
            1.0
          ]
        ]
      }
    }
  ],
  "von_mises_stress": {
    "min": 1.0669303359867617,
    "max": 248.87915025401156,
    "mean": 72.10890640811985,
    "std": 45.728277174047456
  }
}