{
    "mode": "schwarz",
    "big_domain_solve_time": 5.043697015989892,
    "small_domain_solve_time": 55.18221221098429,
    "other_time": 3.611130626024533,
    "total_time": 63.837039852998714
}