{
  "frame": 5000,
  "n_particles": 6408,
  "n_particles_total": 6408,
  "n_particles_filtered": 0,
  "dimension": 2,
  "stress_output_regions": null,
  "von_mises_stress": {
    "min": 0.0,
    "max": 28.084882079112074,
    "mean": 3.274890501789324,
    "std": 4.86564384362567
  }
}