{
  "frame": 145000,
  "n_particles": 6408,
  "n_particles_total": 6408,
  "n_particles_filtered": 0,
  "dimension": 2,
  "stress_output_regions": null,
  "von_mises_stress": {
    "min": 0.0,
    "max": 94.62462186348802,
    "mean": 17.859051112540183,
    "std": 20.97404780483137
  }
}