{
    "mode": "schwarz",
    "big_domain_solve_time": 585.175709427218,
    "small_domain_solve_time": 1461.3698397971748,
    "other_time": 18.511756318155676,
    "total_time": 2065.0573055425484
}