{
  "frame": 125000,
  "n_particles": 6408,
  "n_particles_total": 6408,
  "n_particles_filtered": 0,
  "dimension": 2,
  "stress_output_regions": null,
  "von_mises_stress": {
    "min": 0.0,
    "max": 1933.6753107649963,
    "mean": 347.09236324014535,
    "std": 406.9514937325006
  }
}