{
    "mode": "schwarz",
    "big_domain_solve_time": 90.5647016523435,
    "small_domain_solve_time": 173.63194131256023,
    "other_time": 51.26823554553266,
    "total_time": 315.4648785104364
}