{
  "frame": 1000,
  "n_particles": 4224,
  "n_particles_total": 4224,
  "n_particles_filtered": 0,
  "dimension": 2,
  "stress_output_regions": [
    {
      "type": "rectangle",
      "params": {
        "range": [
          [
            0.0,
            1.0
          ],
          [
            0.0,
            1.0
          ]
        ]
      }
    }
  ],
  "von_mises_stress": {
    "min": 0.8803645654423256,
    "max": 193.00347863124134,
    "mean": 56.714095459377525,
    "std": 37.81521834541097
  }
}