{
    "mode": "schwarz",
    "big_domain_solve_time": 269.9301446843165,
    "small_domain_solve_time": 1875.862300951594,
    "other_time": 171.71475064113474,
    "total_time": 2317.5071962770453
}