{
    "mode": "single",
    "solve_time": 473.82864597131265,
    "other_time": 14.933628992788726,
    "total_time": 488.7622749641014
}