{
  "frame": 3500,
  "domain1": {
    "n_particles": 5832,
    "n_particles_total": 5832,
    "n_particles_filtered": 0,
    "dimension": 2,
    "von_mises_stress": {
      "min": 3.964565160400217,
      "max": 6572.00757159212,
      "mean": 2410.012388867613,
      "std": 1274.3981244153033
    }
  },
  "domain2": {
    "n_particles": 3809,
    "n_particles_total": 3809,
    "n_particles_filtered": 0,
    "dimension": 2,
    "von_mises_stress": {
      "min": 13.1365487917926,
      "max": 11940.85750172176,
      "mean": 5904.875594408635,
      "std": 3061.3809459730796
    }
  }
}