{
  "frame": 2000,
  "domain1": {
    "n_particles": 24320,
    "n_particles_total": 24320,
    "n_particles_filtered": 0,
    "dimension": 2,
    "von_mises_stress": {
      "min": 0.058438657826918594,
      "max": 187.48510526452546,
      "mean": 33.28020366271567,
      "std": 33.72336857247431
    }
  },
  "domain2": {
    "n_particles": 2348,
    "n_particles_total": 2348,
    "n_particles_filtered": 0,
    "dimension": 2,
    "von_mises_stress": {
      "min": 106.09603657456387,
      "max": 561.283552510307,
      "mean": 252.29045757175484,
      "std": 131.10582088556876
    }
  }
}