{
  "frame": 195000,
  "n_particles": 6408,
  "n_particles_total": 6408,
  "n_particles_filtered": 0,
  "dimension": 2,
  "stress_output_regions": null,
  "von_mises_stress": {
    "min": 0.0,
    "max": 11923.847123381001,
    "mean": 868.0412564449484,
    "std": 1711.5446644482245
  }
}