{
  "frame": 1000,
  "n_particles": 57580,
  "n_particles_total": 57580,
  "n_particles_filtered": 0,
  "dimension": 2,
  "stress_output_regions": [
    {
      "type": "rectangle",
      "params": {
        "range": [
          [
            0.0,
            1.0
          ],
          [
            0.0,
            1.0
          ]
        ]
      }
    }
  ],
  "von_mises_stress": {
    "min": 0.0,
    "max": 289.16473775097035,
    "mean": 67.95013553701847,
    "std": 47.87484196648014
  }
}