{
  "dim": 2,
  "nx": 38,
  "ny": 38,
  "offset": [
    0.35,
    0.35
  ],
  "dx_x": 0.007894736842105263,
  "dx_y": 0.007894736842105263,
  "material_id_used": 0,
  "mu": 38461.53846153846,
  "lambda": 57692.30769230769,
  "elasticity_model": "linear",
  "valid_mass_threshold": 1e-10,
  "valid_grid_count": 1017,
  "invalid_j_count": 0
}