{
    "mode": "schwarz",
    "big_domain_solve_time": 7.639236895007343,
    "small_domain_solve_time": 34.780241198033764,
    "other_time": 4.46958307897512,
    "total_time": 46.88906117201623
}