{
    "mode": "schwarz",
    "big_domain_solve_time": 110.75995487216642,
    "small_domain_solve_time": 166.70661350997761,
    "other_time": 52.7100954108173,
    "total_time": 330.17666379296134
}