{
    "mode": "schwarz",
    "big_domain_solve_time": 38.1729100339071,
    "small_domain_solve_time": 92.35529244814097,
    "other_time": 11.668366562873416,
    "total_time": 142.1965690449215
}