{
  "frame": 40000,
  "n_particles": 6408,
  "n_particles_total": 6408,
  "n_particles_filtered": 0,
  "dimension": 2,
  "stress_output_regions": null,
  "von_mises_stress": {
    "min": 0.0,
    "max": 19041.49521725703,
    "mean": 1309.8419906278211,
    "std": 2362.6513328515853
  }
}