{
    "grid_sizes": [
        25,
        33,
        50,
        100
    ],
    "dx_values": [
        0.016,
        0.012121212121212121,
        0.008,
        0.004
    ],
    "integrated_errors_xx": [
        187.30537567436022,
        136.215078308549,
        24.497440643790025,
        19.03118618320057
    ],
    "integrated_errors_yy": [
        195.9354793728613,
        145.2060163722773,
        47.426732134508384,
        24.648660117750545
    ],
    "integrated_errors_total": [
        191.62042752361077,
        140.71054734041314,
        35.962086389149206,
        21.839923150475556
    ],
    "convergence_rate": 1.6585906824623649
}