{
    "grid_sizes": [
        25,
        33,
        50,
        100
    ],
    "dx_values": [
        0.016,
        0.012121212121212121,
        0.008,
        0.004
    ],
    "integrated_errors_xx": [
        NaN,
        NaN,
        12.65237131273232,
        15.077130858945974
    ],
    "integrated_errors_yy": [
        NaN,
        NaN,
        58.999011475111054,
        27.490327787204425
    ],
    "integrated_errors_total": [
        NaN,
        NaN,
        35.82569139392169,
        21.2837293230752
    ],
    "convergence_rate": 0.7512435858805493
}