{
    "grid_sizes": [
        25,
        33,
        50,
        100
    ],
    "dx_values": [
        0.016,
        0.012121212121212121,
        0.008,
        0.004
    ],
    "integrated_errors_xx": [
        NaN,
        NaN,
        5.293155800612954,
        6.63840687335308
    ],
    "integrated_errors_yy": [
        NaN,
        NaN,
        22.271611086299895,
        17.507286773743644
    ],
    "integrated_errors_total": [
        NaN,
        NaN,
        13.782383443456425,
        12.072846823548362
    ],
    "convergence_rate": 0.19105949149278997
}