{
    "grid_sizes": [
        25,
        33,
        50,
        100
    ],
    "dx_values": [
        0.016,
        0.012121212121212121,
        0.008,
        0.004
    ],
    "integrated_errors_xx": [
        59.310666027394916,
        37.18742864102977,
        6.462262050532035,
        7.6791724199736215
    ],
    "integrated_errors_yy": [
        75.80033688581356,
        46.82771262362134,
        17.42078349778446,
        11.293889512561384
    ],
    "integrated_errors_total": [
        67.55550145660425,
        42.00757063232555,
        11.941522774158248,
        9.486530966267502
    ],
    "convergence_rate": 1.4642198526024868
}