{
    "grid_sizes": [
        25,
        33,
        50,
        100
    ],
    "dx_values": [
        0.016,
        0.012121212121212121,
        0.008,
        0.004
    ],
    "integrated_errors_xx": [
        59.0890921393103,
        39.1197963568277,
        8.179993312996707,
        8.870515544365965
    ],
    "integrated_errors_yy": [
        103.97510991200318,
        69.78261098645275,
        40.96893475554742,
        19.769096905328755
    ],
    "integrated_errors_total": [
        81.53210102565674,
        54.45120367164023,
        24.574464034272065,
        14.31980622484736
    ],
    "convergence_rate": 1.2702592531102377
}