{
    "grid_sizes": [
        25,
        33,
        50,
        100
    ],
    "dx_values": [
        0.016,
        0.012121212121212121,
        0.008,
        0.004
    ],
    "integrated_errors_xx": [
        NaN,
        NaN,
        5.172361858939842,
        6.954786098996433
    ],
    "integrated_errors_yy": [
        NaN,
        NaN,
        40.86714707795854,
        23.65094401528716
    ],
    "integrated_errors_total": [
        NaN,
        NaN,
        23.019754468449193,
        15.302865057141796
    ],
    "convergence_rate": 0.5890706608552934
}