{
    "grid_sizes": [
        25,
        33,
        50,
        100
    ],
    "dx_values": [
        0.016,
        0.012121212121212121,
        0.008,
        0.004
    ],
    "integrated_errors_xx": [
        NaN,
        NaN,
        29.991440653815367,
        24.50909177546238
    ],
    "integrated_errors_yy": [
        NaN,
        NaN,
        103.21677880889402,
        46.68303446100308
    ],
    "integrated_errors_total": [
        NaN,
        NaN,
        66.6041097313547,
        35.596063118232735
    ],
    "convergence_rate": 0.9038935102325993
}