{
    "grid_sizes": [
        25,
        33,
        50,
        100
    ],
    "dx_values": [
        0.016,
        0.012121212121212121,
        0.008,
        0.004
    ],
    "integrated_errors_xx": [
        205.08858005717832,
        142.44310824348833,
        44.1535858704745,
        25.662039846790428
    ],
    "integrated_errors_yy": [
        218.18266372451666,
        161.98764105624386,
        68.16866765320191,
        29.91918338762374
    ],
    "integrated_errors_total": [
        211.6356218908475,
        152.21537464986608,
        56.161126761838204,
        27.790611617207084
    ],
    "convergence_rate": 1.5161472266635287
}