{
    "grid_sizes": [
        25,
        33,
        50,
        100
    ],
    "dx_values": [
        0.016,
        0.012121212121212121,
        0.008,
        0.004
    ],
    "integrated_errors_xx": [
        205.08858005717832,
        142.44310824348833,
        52.435204178612466,
        27.572432865384506
    ],
    "integrated_errors_yy": [
        218.18266372451666,
        161.98764105624386,
        81.02073255132238,
        53.08117993231072
    ],
    "integrated_errors_total": [
        211.6356218908475,
        152.21537464986608,
        66.72796836496742,
        40.32680639884761
    ],
    "convergence_rate": 1.2275768635655828
}