{
  "frame": 170000,
  "n_particles": 6408,
  "n_particles_total": 6408,
  "n_particles_filtered": 0,
  "dimension": 2,
  "stress_output_regions": null,
  "von_mises_stress": {
    "min": 0.0,
    "max": 11923.710761147484,
    "mean": 868.0275522580185,
    "std": 1711.5202577534242
  }
}