{
  "frame": 145000,
  "n_particles": 6408,
  "n_particles_total": 6408,
  "n_particles_filtered": 0,
  "dimension": 2,
  "stress_output_regions": null,
  "von_mises_stress": {
    "min": 0.0,
    "max": 4070.780792567608,
    "mean": 597.5161999076043,
    "std": 790.389884907534
  }
}