{
    "mode": "schwarz",
    "big_domain_solve_time": 46.2116158349163,
    "small_domain_solve_time": 389.3082710491326,
    "other_time": 12.142594349963474,
    "total_time": 447.6624812340124
}