{
    "mode": "schwarz",
    "big_domain_solve_time": 18.279870035989006,
    "small_domain_solve_time": 293.0953745880097,
    "other_time": 17.993430665999767,
    "total_time": 329.36867528999846
}