{
  "frame": 3000,
  "domain1": {
    "n_particles": 5832,
    "n_particles_total": 5832,
    "n_particles_filtered": 0,
    "dimension": 2,
    "von_mises_stress": {
      "min": 3.4396547472690666,
      "max": 3134.626337582073,
      "mean": 1228.2350112055885,
      "std": 580.981969803635
    }
  },
  "domain2": {
    "n_particles": 1706,
    "n_particles_total": 1706,
    "n_particles_filtered": 0,
    "dimension": 2,
    "von_mises_stress": {
      "min": 4.419614636926758,
      "max": 5549.9227322141505,
      "mean": 2807.08117816503,
      "std": 1469.066094524538
    }
  }
}