{
  "frame": 45000,
  "n_particles": 6408,
  "n_particles_total": 6408,
  "n_particles_filtered": 0,
  "dimension": 2,
  "stress_output_regions": null,
  "von_mises_stress": {
    "min": 0.0,
    "max": 11.533613830462544,
    "mean": 2.1375875326991243,
    "std": 2.5595748566191467
  }
}