{
  "frame": 1500,
  "n_particles": 9621,
  "n_particles_total": 9621,
  "n_particles_filtered": 0,
  "dimension": 2,
  "stress_output_regions": [
    {
      "type": "rectangle",
      "params": {
        "range": [
          [
            0.0,
            1.0
          ],
          [
            0.0,
            1.0
          ]
        ]
      }
    }
  ],
  "von_mises_stress": {
    "min": 0.025072964523715206,
    "max": 238.22753117612427,
    "mean": 67.11180059004508,
    "std": 46.097638184891196
  }
}