{
    "mode": "schwarz",
    "big_domain_solve_time": 50.86735011546989,
    "small_domain_solve_time": 324.71472555346554,
    "other_time": 39.07612287462689,
    "total_time": 414.6581985435623
}