{
  "frame": 40724,
  "n_particles": 2848,
  "n_particles_total": 2848,
  "n_particles_filtered": 0,
  "dimension": 2,
  "stress_output_regions": null,
  "von_mises_stress": {
    "min": 0.0,
    "max": 104.94396766740769,
    "mean": 20.910054845714814,
    "std": 20.727605925997032
  }
}