{
    "mode": "schwarz",
    "big_domain_solve_time": 4.344768755021505,
    "small_domain_solve_time": 9.319436199017218,
    "other_time": 3.2065662009918015,
    "total_time": 16.870771155030525
}