{
    "mode": "schwarz",
    "big_domain_solve_time": 4.774618661004752,
    "small_domain_solve_time": 10.496941319998768,
    "other_time": 3.198754602992267,
    "total_time": 18.470314583995787
}