{
    "mode": "schwarz",
    "big_domain_solve_time": 54.81074280591565,
    "small_domain_solve_time": 91.25421143972198,
    "other_time": 28.463481491664425,
    "total_time": 174.52843573730206
}