{
  "frame": 160000,
  "n_particles": 6408,
  "n_particles_total": 6408,
  "n_particles_filtered": 0,
  "dimension": 2,
  "stress_output_regions": null,
  "von_mises_stress": {
    "min": 0.0,
    "max": 751.7068911404147,
    "mean": 143.27202840171879,
    "std": 162.91360801203146
  }
}