{
  "frame": 190000,
  "n_particles": 6408,
  "n_particles_total": 6408,
  "n_particles_filtered": 0,
  "dimension": 2,
  "stress_output_regions": null,
  "von_mises_stress": {
    "min": 0.0,
    "max": 259.86208429506803,
    "mean": 49.322631981084285,
    "std": 56.81236360393977
  }
}