{
    "grid_sizes": [
        25,
        33,
        50,
        100
    ],
    "dx_values": [
        0.016,
        0.012121212121212121,
        0.008,
        0.004
    ],
    "integrated_errors_xx": [
        210.95855303479746,
        105.95722196996246,
        30.02203659939598,
        25.748280113122707
    ],
    "integrated_errors_yy": [
        162.76766790061006,
        97.20768351104198,
        34.03772140105558,
        20.92215732583159
    ],
    "integrated_errors_total": [
        186.86311046770376,
        101.58245274050222,
        32.029879000225776,
        23.335218719477147
    ],
    "convergence_rate": 1.5145056548545601
}