{
    "mode": "single",
    "solve_time": 473.2595907930154,
    "other_time": 2.0504225289987517,
    "total_time": 475.31001332201413
}