{
  "frame": 80000,
  "n_particles": 6408,
  "n_particles_total": 6408,
  "n_particles_filtered": 0,
  "dimension": 2,
  "stress_output_regions": null,
  "von_mises_stress": {
    "min": 0.0,
    "max": 58829.85796835094,
    "mean": 6798.846713765328,
    "std": 6086.892438297637
  }
}