{
    "mode": "schwarz",
    "big_domain_solve_time": 16.560026684062905,
    "small_domain_solve_time": 87.0939408439117,
    "other_time": 16.036763571024494,
    "total_time": 119.6907310989991
}