{
  "frame": 175000,
  "n_particles": 6408,
  "n_particles_total": 6408,
  "n_particles_filtered": 0,
  "dimension": 2,
  "stress_output_regions": null,
  "von_mises_stress": {
    "min": 0.0,
    "max": 4068.6232176290637,
    "mean": 597.4134463263414,
    "std": 790.5775013826997
  }
}