{
    "grid_sizes": [
        62,
        83,
        125,
        250
    ],
    "dx_values": [
        0.016129032258064516,
        0.012048192771084338,
        0.008,
        0.004
    ],
    "integrated_errors_xx": [
        59.06007350883997,
        89.25169027339517,
        39.27010408327465,
        52.936235519013955
    ],
    "integrated_errors_yy": [
        447.1113096373949,
        395.58675664198597,
        254.00894417827533,
        137.0235292687561
    ],
    "integrated_errors_total": [
        253.08569157311746,
        242.41922345769058,
        146.639524130775,
        94.97988239388503
    ],
    "convergence_rate": 0.7530125712799758
}