{
    "grid_sizes": [
        25,
        33,
        50,
        100
    ],
    "dx_values": [
        0.016,
        0.012121212121212121,
        0.008,
        0.004
    ],
    "integrated_errors_xx": [
        133.85712742890547,
        60.783252525675074,
        11.195175290843116,
        12.510009832544775
    ],
    "integrated_errors_yy": [
        114.36122509789881,
        51.2952235272783,
        14.52864794426184,
        8.451057162543187
    ],
    "integrated_errors_total": [
        124.10917626340213,
        56.03923802647669,
        12.861911617552478,
        10.48053349754398
    ],
    "convergence_rate": 1.7953663045116932
}