{
    "mode": "schwarz",
    "big_domain_solve_time": 4.792437750980753,
    "small_domain_solve_time": 14.955178530959529,
    "other_time": 3.043609086100332,
    "total_time": 22.791225368040614
}