{
  "frame": 115000,
  "n_particles": 6408,
  "n_particles_total": 6408,
  "n_particles_filtered": 0,
  "dimension": 2,
  "stress_output_regions": null,
  "von_mises_stress": {
    "min": 0.0,
    "max": 259.9150560265771,
    "mean": 49.01294845380299,
    "std": 56.775213306973285
  }
}