{
  "frame": 95000,
  "n_particles": 6408,
  "n_particles_total": 6408,
  "n_particles_filtered": 0,
  "dimension": 2,
  "stress_output_regions": null,
  "von_mises_stress": {
    "min": 0.0,
    "max": 39194.17323492431,
    "mean": 4247.948705897286,
    "std": 3779.205417503378
  }
}