{
    "mode": "schwarz",
    "big_domain_solve_time": 206.04385735603137,
    "small_domain_solve_time": 458.1766688158168,
    "other_time": 17.98051524114271,
    "total_time": 682.2010414129909
}