{
  "frame": 65000,
  "n_particles": 6408,
  "n_particles_total": 6408,
  "n_particles_filtered": 0,
  "dimension": 2,
  "stress_output_regions": null,
  "von_mises_stress": {
    "min": 0.0,
    "max": 1942.873871224026,
    "mean": 348.9902994998476,
    "std": 409.058204884243
  }
}