{
  "frame": 70000,
  "n_particles": 6408,
  "n_particles_total": 6408,
  "n_particles_filtered": 0,
  "dimension": 2,
  "stress_output_regions": null,
  "von_mises_stress": {
    "min": 0.0,
    "max": 19005.949205136963,
    "mean": 1308.3709752618204,
    "std": 2361.5920635672387
  }
}