{
  "frame": 25000,
  "n_particles": 6408,
  "n_particles_total": 6408,
  "n_particles_filtered": 0,
  "dimension": 2,
  "stress_output_regions": null,
  "von_mises_stress": {
    "min": 0.0,
    "max": 14.08338432432583,
    "mean": 2.8005708052886056,
    "std": 3.197120070694107
  }
}