{
  "frame": 150000,
  "n_particles": 6408,
  "n_particles_total": 6408,
  "n_particles_filtered": 0,
  "dimension": 2,
  "stress_output_regions": null,
  "von_mises_stress": {
    "min": 0.0,
    "max": 1930.102285675006,
    "mean": 346.3997249867385,
    "std": 406.1493773638393
  }
}