{
    "mode": "single",
    "solve_time": 5108.565304705015,
    "other_time": 5.788097814005596,
    "total_time": 5114.35340251902
}