{
  "frame": 3550,
  "n_particles": 24976,
  "n_particles_total": 24976,
  "n_particles_filtered": 0,
  "dimension": 2,
  "stress_output_regions": [
    {
      "type": "rectangle",
      "params": {
        "range": [
          [
            0.0,
            1.0
          ],
          [
            0.0,
            1.0
          ]
        ]
      }
    }
  ],
  "von_mises_stress": {
    "min": 0.6532738005206457,
    "max": 260.4248399287003,
    "mean": 72.20432077369267,
    "std": 46.142730398084566
  }
}