{
  "frame": 190000,
  "n_particles": 6408,
  "n_particles_total": 6408,
  "n_particles_filtered": 0,
  "dimension": 2,
  "stress_output_regions": null,
  "von_mises_stress": {
    "min": 0.0,
    "max": 7271.858962894959,
    "mean": 724.1260548474638,
    "std": 1214.5943331122216
  }
}