{
  "frame": 75000,
  "n_particles": 6408,
  "n_particles_total": 6408,
  "n_particles_filtered": 0,
  "dimension": 2,
  "stress_output_regions": null,
  "von_mises_stress": {
    "min": 0.0,
    "max": 11.661453746602396,
    "mean": 2.1923263796448835,
    "std": 2.6043997008557382
  }
}