{
  "frame": 65000,
  "n_particles": 6408,
  "n_particles_total": 6408,
  "n_particles_filtered": 0,
  "dimension": 2,
  "stress_output_regions": null,
  "von_mises_stress": {
    "min": 0.0,
    "max": 11.124141442906454,
    "mean": 2.0730756678744875,
    "std": 2.4709436802027693
  }
}