{
  "frame": 30000,
  "n_particles": 6408,
  "n_particles_total": 6408,
  "n_particles_filtered": 0,
  "dimension": 2,
  "stress_output_regions": null,
  "von_mises_stress": {
    "min": 0.0,
    "max": 14.248562289497743,
    "mean": 2.756196922316325,
    "std": 3.204293670903562
  }
}