{
  "material_params": {
    "E1": 1000000.0,
    "nu1": 0.3,
    "rho1": 1000.0,
    "E2": 100.0,
    "nu2": 0.3,
    "rho2": 1000.0
  },
  "geometry": {
    "center": [
      0.5,
      0.5
    ],
    "radius": 0.08
  },
  "loading": {
    "sigma_inf_xx": 20.000000000000004,
    "sigma_inf_yy": 20.000000000000004,
    "sigma_inf_xy": 0.0
  }
}