{
  "frame": 2000,
  "domain1": {
    "n_particles": 5832,
    "n_particles_total": 5832,
    "n_particles_filtered": 0,
    "dimension": 2,
    "von_mises_stress": {
      "min": 26.111082947899476,
      "max": 5657.750266090697,
      "mean": 2806.9202991722723,
      "std": 1082.0264463562903
    }
  },
  "domain2": {
    "n_particles": 3809,
    "n_particles_total": 3809,
    "n_particles_filtered": 0,
    "dimension": 2,
    "von_mises_stress": {
      "min": 19.039773460448966,
      "max": 10245.449945858889,
      "mean": 5069.8838847203815,
      "std": 2588.0337798844166
    }
  }
}