{
  "frame": 5000,
  "n_particles": 2848,
  "n_particles_total": 2848,
  "n_particles_filtered": 0,
  "dimension": 2,
  "stress_output_regions": null,
  "von_mises_stress": {
    "min": 0.0,
    "max": 158.9178311921817,
    "mean": 46.26470641160185,
    "std": 35.93239899443877
  }
}