{
  "frame": 155000,
  "n_particles": 6408,
  "n_particles_total": 6408,
  "n_particles_filtered": 0,
  "dimension": 2,
  "stress_output_regions": null,
  "von_mises_stress": {
    "min": 0.0,
    "max": 19003.675946545387,
    "mean": 1308.8633264475886,
    "std": 2359.7740419925326
  }
}