{
  "frame": 100000,
  "n_particles": 6408,
  "n_particles_total": 6408,
  "n_particles_filtered": 0,
  "dimension": 2,
  "stress_output_regions": null,
  "von_mises_stress": {
    "min": 0.0,
    "max": 11950.729942553597,
    "mean": 869.5732499222769,
    "std": 1715.2797810766692
  }
}