{
    "mode": "schwarz",
    "big_domain_solve_time": 514.7811338348256,
    "small_domain_solve_time": 1447.9561716097523,
    "other_time": 51.09324860278866,
    "total_time": 2013.8305540473666
}