{
  "dim": 2,
  "nx": 33,
  "ny": 33,
  "offset": [
    0.3,
    0.3
  ],
  "dx_x": 0.012121212121212121,
  "dx_y": 0.012121212121212121,
  "material_id_used": 0,
  "mu": 38461.53846153846,
  "lambda": 57692.30769230769,
  "elasticity_model": "linear",
  "valid_mass_threshold": 1e-10,
  "valid_grid_count": 608,
  "invalid_j_count": 0
}