{
    "mode": "schwarz",
    "big_domain_solve_time": 9.953572646012617,
    "small_domain_solve_time": 20.11526460600726,
    "other_time": 3.9357408759733516,
    "total_time": 34.00457812799323
}