{
  "dim": 2,
  "nx": 180,
  "ny": 180,
  "offset": [
    0.0,
    0.0
  ],
  "dx_x": 0.005555555555555556,
  "dx_y": 0.005555555555555556,
  "elasticity_model": "neohookean",
  "valid_mass_threshold": 1e-10,
  "valid_grid_count": 1207
}