{
  "frame": 1000,
  "n_particles": 8880,
  "n_particles_total": 8880,
  "n_particles_filtered": 0,
  "dimension": 2,
  "stress_output_regions": [
    {
      "type": "rectangle",
      "params": {
        "range": [
          [
            0.0,
            1.0
          ],
          [
            0.0,
            1.0
          ]
        ]
      }
    }
  ],
  "von_mises_stress": {
    "min": 0.9608704315015038,
    "max": 235.8333905012154,
    "mean": 70.84190280908237,
    "std": 45.64482504434054
  }
}