{
    "mode": "schwarz",
    "big_domain_solve_time": 67.87336070061428,
    "small_domain_solve_time": 240.4696638735768,
    "other_time": 45.02053796968539,
    "total_time": 353.36356254387647
}