{
  "frame": 50000,
  "n_particles": 6408,
  "n_particles_total": 6408,
  "n_particles_filtered": 0,
  "dimension": 2,
  "stress_output_regions": null,
  "von_mises_stress": {
    "min": 0.0,
    "max": 18999.022479745825,
    "mean": 1307.164766212961,
    "std": 2359.6574920587923
  }
}