{
  "frame": 2000,
  "n_particles": 230400,
  "n_particles_total": 230400,
  "n_particles_filtered": 0,
  "dimension": 2,
  "stress_output_regions": [
    {
      "type": "rectangle",
      "params": {
        "range": [
          [
            0.0,
            1.0
          ],
          [
            0.0,
            1.0
          ]
        ]
      }
    }
  ],
  "von_mises_stress": {
    "min": 0.020908197231104757,
    "max": 684.6150719427026,
    "mean": 57.01752306007548,
    "std": 100.2025477236157
  }
}