{
    "mode": "schwarz",
    "big_domain_solve_time": 221.0946144926711,
    "small_domain_solve_time": 346.15531607175944,
    "other_time": 51.19931914770859,
    "total_time": 618.4492497121391
}