{
  "frame": 85000,
  "n_particles": 6408,
  "n_particles_total": 6408,
  "n_particles_filtered": 0,
  "dimension": 2,
  "stress_output_regions": null,
  "von_mises_stress": {
    "min": 0.0,
    "max": 7220.911890891469,
    "mean": 717.8597727373482,
    "std": 1205.4250400271435
  }
}