{
  "frame": 1500,
  "n_particles": 27028,
  "n_particles_total": 27028,
  "n_particles_filtered": 0,
  "dimension": 2,
  "stress_output_regions": [
    {
      "type": "rectangle",
      "params": {
        "range": [
          [
            0.0,
            1.0
          ],
          [
            0.0,
            1.0
          ]
        ]
      }
    }
  ],
  "von_mises_stress": {
    "min": 0.0,
    "max": 262.71191382282444,
    "mean": 67.46565122986723,
    "std": 47.53599323758778
  }
}