{
  "frame": 500,
  "n_particles": 6365,
  "n_particles_total": 6365,
  "n_particles_filtered": 0,
  "dimension": 2,
  "stress_output_regions": [
    {
      "type": "rectangle",
      "params": {
        "range": [
          [
            0.0,
            1.0
          ],
          [
            0.0,
            1.0
          ]
        ]
      }
    }
  ],
  "von_mises_stress": {
    "min": 4.001862259888426e-06,
    "max": 249.92382870993336,
    "mean": 67.58126285059413,
    "std": 46.570460732997375
  }
}