{
  "frame": 289,
  "n_particles": 28044,
  "n_particles_total": 28044,
  "n_particles_filtered": 0,
  "dimension": 2,
  "stress_output_regions": [
    {
      "type": "rectangle",
      "params": {
        "range": [
          [
            0,
            1
          ],
          [
            0,
            1
          ]
        ]
      }
    }
  ],
  "von_mises_stress": {
    "min": 768.501437245581,
    "max": 5510.327782123774,
    "mean": 2451.184697281295,
    "std": 564.8615440457806
  }
}