{
  "frame": 185000,
  "n_particles": 6408,
  "n_particles_total": 6408,
  "n_particles_filtered": 0,
  "dimension": 2,
  "stress_output_regions": null,
  "von_mises_stress": {
    "min": 0.0,
    "max": 751.6429495712407,
    "mean": 143.25325554590643,
    "std": 162.9032545951956
  }
}