{
  "frame": 30000,
  "n_particles": 6408,
  "n_particles_total": 6408,
  "n_particles_filtered": 0,
  "dimension": 2,
  "stress_output_regions": null,
  "von_mises_stress": {
    "min": 0.0,
    "max": 3867.34642970434,
    "mean": 542.8833285733585,
    "std": 743.7208624264551
  }
}