{
  "frame": 150000,
  "n_particles": 6408,
  "n_particles_total": 6408,
  "n_particles_filtered": 0,
  "dimension": 2,
  "stress_output_regions": null,
  "von_mises_stress": {
    "min": 0.0,
    "max": 4071.7597532314826,
    "mean": 597.9049770131168,
    "std": 790.3750135526171
  }
}