{
  "frame": 180000,
  "n_particles": 6408,
  "n_particles_total": 6408,
  "n_particles_filtered": 0,
  "dimension": 2,
  "stress_output_regions": null,
  "von_mises_stress": {
    "min": 0.0,
    "max": 1930.737682322113,
    "mean": 346.53102901419925,
    "std": 406.2908980816536
  }
}