{
  "frame": 1000,
  "n_particles": 27028,
  "n_particles_total": 27028,
  "n_particles_filtered": 0,
  "dimension": 2,
  "stress_output_regions": [
    {
      "type": "rectangle",
      "params": {
        "range": [
          [
            0.0,
            1.0
          ],
          [
            0.0,
            1.0
          ]
        ]
      }
    }
  ],
  "von_mises_stress": {
    "min": 0.0,
    "max": 260.10818241325967,
    "mean": 66.80301826090687,
    "std": 47.062140602477335
  }
}