{
    "mode": "single",
    "solve_time": 8653.967119564768,
    "other_time": 59.61763334329589,
    "total_time": 8713.584752908064
}