{
  "frame": 5000,
  "n_particles": 6408,
  "n_particles_total": 6408,
  "n_particles_filtered": 0,
  "dimension": 2,
  "stress_output_regions": null,
  "von_mises_stress": {
    "min": 0.0,
    "max": 3.5246011059795226,
    "mean": 0.4103127181593735,
    "std": 0.6107388531357631
  }
}