{
  "frame": 1000,
  "n_particles": 25794,
  "n_particles_total": 25794,
  "n_particles_filtered": 0,
  "dimension": 2,
  "stress_output_regions": [
    {
      "type": "rectangle",
      "params": {
        "range": [
          [
            0,
            1
          ],
          [
            0,
            1
          ]
        ]
      }
    }
  ],
  "von_mises_stress": {
    "min": 429.06609089215686,
    "max": 4743.196750259463,
    "mean": 1750.6545284785243,
    "std": 533.3660019108378
  }
}