{
    "mode": "schwarz",
    "big_domain_solve_time": 272.4366469110573,
    "small_domain_solve_time": 2226.044119774946,
    "other_time": 23.380694955954823,
    "total_time": 2521.861461641958
}