{
  "frame": 2000,
  "domain1": {
    "n_particles": 24320,
    "n_particles_total": 24320,
    "n_particles_filtered": 0,
    "dimension": 2,
    "von_mises_stress": {
      "min": 0.05990795188240816,
      "max": 192.5128753018061,
      "mean": 36.315212240626934,
      "std": 36.254189549381664
    }
  },
  "domain2": {
    "n_particles": 36621,
    "n_particles_total": 36621,
    "n_particles_filtered": 0,
    "dimension": 2,
    "von_mises_stress": {
      "min": 107.4263446244213,
      "max": 742.8998890308699,
      "mean": 285.9874585442591,
      "std": 175.32084477593617
    }
  }
}