{
    "mode": "schwarz",
    "big_domain_solve_time": 315.09441040716047,
    "small_domain_solve_time": 431.86510633555736,
    "other_time": 153.49978168531743,
    "total_time": 900.4592984280353
}