{
  "frame": 105000,
  "n_particles": 6408,
  "n_particles_total": 6408,
  "n_particles_filtered": 0,
  "dimension": 2,
  "stress_output_regions": null,
  "von_mises_stress": {
    "min": 0.0,
    "max": 4063.0510107084756,
    "mean": 595.8496592189593,
    "std": 789.0348734465457
  }
}