{
  "frame": 180000,
  "n_particles": 6408,
  "n_particles_total": 6408,
  "n_particles_filtered": 0,
  "dimension": 2,
  "stress_output_regions": null,
  "von_mises_stress": {
    "min": 0.0,
    "max": 33.17013047788061,
    "mean": 6.329196713325927,
    "std": 7.3918260345788145
  }
}