{
    "mode": "schwarz",
    "big_domain_solve_time": 175.05119238683983,
    "small_domain_solve_time": 425.76247427103954,
    "other_time": 18.191006981156534,
    "total_time": 619.0046736390359
}