{
    "mode": "single",
    "solve_time": 6756.945798806206,
    "other_time": 37.4220206621103,
    "total_time": 6794.367819468316
}