{
  "frame": 1000,
  "n_particles": 24976,
  "n_particles_total": 24976,
  "n_particles_filtered": 0,
  "dimension": 2,
  "stress_output_regions": [
    {
      "type": "rectangle",
      "params": {
        "range": [
          [
            0.0,
            1.0
          ],
          [
            0.0,
            1.0
          ]
        ]
      }
    }
  ],
  "von_mises_stress": {
    "min": 0.6530423472044672,
    "max": 260.4314915787912,
    "mean": 72.20512621294799,
    "std": 46.14270478018999
  }
}