{
  "frame": 2000,
  "domain1": {
    "n_particles": 10368,
    "n_particles_total": 10368,
    "n_particles_filtered": 0,
    "dimension": 2,
    "von_mises_stress": {
      "min": 8.676196932490695,
      "max": 2915.6622720573537,
      "mean": 1322.5826789307016,
      "std": 554.022703416326
    }
  },
  "domain2": {
    "n_particles": 10623,
    "n_particles_total": 10623,
    "n_particles_filtered": 0,
    "dimension": 2,
    "von_mises_stress": {
      "min": 3.925523442497055,
      "max": 5695.890466883508,
      "mean": 2569.9148495624263,
      "std": 1327.886103972821
    }
  }
}