{
  "frame": 10000,
  "n_particles": 6408,
  "n_particles_total": 6408,
  "n_particles_filtered": 0,
  "dimension": 2,
  "stress_output_regions": null,
  "von_mises_stress": {
    "min": 0.0,
    "max": 18.57119175595065,
    "mean": 3.0741032470572662,
    "std": 3.892670761897726
  }
}