{
  "frame": 30000,
  "n_particles": 6408,
  "n_particles_total": 6408,
  "n_particles_filtered": 0,
  "dimension": 2,
  "stress_output_regions": null,
  "von_mises_stress": {
    "min": 0.0,
    "max": 2349.3466546604172,
    "mean": 426.63455214941087,
    "std": 498.7636985601747
  }
}