{
    "mode": "single",
    "solve_time": 1271.3779813997098,
    "other_time": 17.274961306306068,
    "total_time": 1288.652942706016
}