{
  "frame": 35000,
  "n_particles": 6408,
  "n_particles_total": 6408,
  "n_particles_filtered": 0,
  "dimension": 2,
  "stress_output_regions": null,
  "von_mises_stress": {
    "min": 0.0,
    "max": 39198.3628717889,
    "mean": 4246.54218360322,
    "std": 3780.154868574273
  }
}