{
  "frame": 2000,
  "domain1": {
    "n_particles": 24320,
    "n_particles_total": 24320,
    "n_particles_filtered": 0,
    "dimension": 2,
    "von_mises_stress": {
      "min": 0.060411554242050136,
      "max": 193.20415780879426,
      "mean": 36.41497234679263,
      "std": 36.36778287155865
    }
  },
  "domain2": {
    "n_particles": 20589,
    "n_particles_total": 20589,
    "n_particles_filtered": 0,
    "dimension": 2,
    "von_mises_stress": {
      "min": 109.04006726483499,
      "max": 688.3019782480479,
      "mean": 283.98558823493204,
      "std": 169.52675764909245
    }
  }
}