{
  "frame": 199390,
  "n_particles": 6408,
  "n_particles_total": 6408,
  "n_particles_filtered": 0,
  "dimension": 2,
  "stress_output_regions": null,
  "von_mises_stress": {
    "min": 0.0,
    "max": 94.50541868002475,
    "mean": 17.834278508313893,
    "std": 20.94571941166191
  }
}