{
  "frame": 110000,
  "n_particles": 6408,
  "n_particles_total": 6408,
  "n_particles_filtered": 0,
  "dimension": 2,
  "stress_output_regions": null,
  "von_mises_stress": {
    "min": 0.0,
    "max": 260.2112235568575,
    "mean": 49.04841823873117,
    "std": 56.617344194778376
  }
}