{
  "frame": 2500,
  "domain1": {
    "n_particles": 5832,
    "n_particles_total": 5832,
    "n_particles_filtered": 0,
    "dimension": 2,
    "von_mises_stress": {
      "min": 11.047694190718286,
      "max": 2932.831165746691,
      "mean": 1284.2803481022893,
      "std": 536.9504318358782
    }
  },
  "domain2": {
    "n_particles": 926,
    "n_particles_total": 926,
    "n_particles_filtered": 0,
    "dimension": 2,
    "von_mises_stress": {
      "min": 3.6627047625084597,
      "max": 4775.109207456572,
      "mean": 2679.249386962783,
      "std": 1290.1041748505804
    }
  }
}