{
  "frame": 10000,
  "n_particles": 6408,
  "n_particles_total": 6408,
  "n_particles_filtered": 0,
  "dimension": 2,
  "stress_output_regions": null,
  "von_mises_stress": {
    "min": 0.0,
    "max": 6.419455333236401,
    "mean": 1.0856206924366063,
    "std": 1.350444816466
  }
}