{
  "frame": 3000,
  "n_particles": 16900,
  "n_particles_total": 16900,
  "n_particles_filtered": 0,
  "dimension": 2,
  "stress_output_regions": [
    {
      "type": "rectangle",
      "params": {
        "range": [
          [
            0.0,
            1.0
          ],
          [
            0.0,
            1.0
          ]
        ]
      }
    }
  ],
  "von_mises_stress": {
    "min": 0.0,
    "max": 250.89453563914785,
    "mean": 68.3219599387135,
    "std": 47.516685725931815
  }
}