{
  "frame": 2500,
  "domain1": {
    "n_particles": 24320,
    "n_particles_total": 24320,
    "n_particles_filtered": 0,
    "dimension": 2,
    "von_mises_stress": {
      "min": 0.061158407607752624,
      "max": 192.51435105191462,
      "mean": 36.31752806941395,
      "std": 36.253811745431754
    }
  },
  "domain2": {
    "n_particles": 36621,
    "n_particles_total": 36621,
    "n_particles_filtered": 0,
    "dimension": 2,
    "von_mises_stress": {
      "min": 107.42928897742595,
      "max": 742.9005831975875,
      "mean": 285.9870648814653,
      "std": 175.3188599677957
    }
  }
}