{
  "frame": 75000,
  "n_particles": 6408,
  "n_particles_total": 6408,
  "n_particles_filtered": 0,
  "dimension": 2,
  "stress_output_regions": null,
  "von_mises_stress": {
    "min": 0.0,
    "max": 257.76747433452545,
    "mean": 49.100106417119065,
    "std": 56.256013395935625
  }
}