{
  "frame": 170000,
  "n_particles": 6408,
  "n_particles_total": 6408,
  "n_particles_filtered": 0,
  "dimension": 2,
  "stress_output_regions": null,
  "von_mises_stress": {
    "min": 0.0,
    "max": 259.8457517610625,
    "mean": 49.051729136302,
    "std": 56.683575165513986
  }
}