{
    "grid_sizes": [
        30,
        45,
        60,
        75,
        90
    ],
    "dx_values": [
        0.013333333333333334,
        0.008888888888888889,
        0.006666666666666667,
        0.005333333333333334,
        0.0044444444444444444
    ],
    "integrated_errors_xx": [
        59.481455977648025,
        15.601234900806885,
        11.603397491069384,
        3.565515387019782,
        10.77453581571828
    ],
    "integrated_errors_yy": [
        75.77819672148712,
        53.85835390025033,
        38.29050417181664,
        40.54517139810392,
        21.325243618170372
    ],
    "integrated_errors_total": [
        67.62982634956757,
        34.729794400528604,
        24.94695083144301,
        22.05534339256185,
        16.049889716944328
    ],
    "convergence_rate": 1.2476279615851544
}