{
    "mode": "schwarz",
    "big_domain_solve_time": 34.543978140165564,
    "small_domain_solve_time": 93.509259587001,
    "other_time": 12.380660129878379,
    "total_time": 140.43389785704494
}