{
  "frame": 40895,
  "n_particles": 2848,
  "n_particles_total": 2848,
  "n_particles_filtered": 0,
  "dimension": 2,
  "stress_output_regions": null,
  "von_mises_stress": {
    "min": 0.0,
    "max": 105.00979342600766,
    "mean": 20.89133416271178,
    "std": 20.731267560327357
  }
}