{
  "frame": 175000,
  "n_particles": 6408,
  "n_particles_total": 6408,
  "n_particles_filtered": 0,
  "dimension": 2,
  "stress_output_regions": null,
  "von_mises_stress": {
    "min": 0.0,
    "max": 7272.2334668877265,
    "mean": 724.1816347261938,
    "std": 1214.658018772489
  }
}