{
  "frame": 2000,
  "n_particles": 15864,
  "n_particles_total": 15864,
  "n_particles_filtered": 0,
  "dimension": 2,
  "stress_output_regions": [
    {
      "type": "rectangle",
      "params": {
        "range": [
          [
            0.0,
            1.0
          ],
          [
            0.0,
            1.0
          ]
        ]
      }
    }
  ],
  "von_mises_stress": {
    "min": 1.0692032954634003,
    "max": 248.877984555552,
    "mean": 72.10954964305685,
    "std": 45.72821594421171
  }
}