{
  "frame": 500,
  "n_particles": 2184,
  "n_particles_total": 2184,
  "n_particles_filtered": 0,
  "dimension": 2,
  "stress_output_regions": [
    {
      "type": "rectangle",
      "params": {
        "range": [
          [
            0.0,
            1.0
          ],
          [
            0.0,
            1.0
          ]
        ]
      }
    }
  ],
  "von_mises_stress": {
    "min": 0.23566529666777297,
    "max": 255.65439824816292,
    "mean": 67.79151130232655,
    "std": 45.97779753797688
  }
}