{
  "frame": 10000,
  "n_particles": 2848,
  "n_particles_total": 2848,
  "n_particles_filtered": 0,
  "dimension": 2,
  "stress_output_regions": null,
  "von_mises_stress": {
    "min": 0.0,
    "max": 261.88211250373394,
    "mean": 27.207203689055522,
    "std": 22.932724734158395
  }
}