{
    "mode": "schwarz",
    "big_domain_solve_time": 232.59271495311987,
    "small_domain_solve_time": 506.0053255721068,
    "other_time": 17.81701858080487,
    "total_time": 756.4150591060315
}