{
  "frame": 45000,
  "n_particles": 6408,
  "n_particles_total": 6408,
  "n_particles_filtered": 0,
  "dimension": 2,
  "stress_output_regions": null,
  "von_mises_stress": {
    "min": 0.0,
    "max": 12159.138301237877,
    "mean": 884.0148802511776,
    "std": 1745.4096955328268
  }
}