{
    "grid_sizes": [
        30,
        38,
        50,
        75
    ],
    "dx_values": [
        0.01,
        0.007894736842105263,
        0.006,
        0.004
    ],
    "integrated_errors_xx": [
        27.314510687126553,
        18.619833733677314,
        15.527452060904842,
        20.318724900073274
    ],
    "integrated_errors_yy": [
        81.89025788425242,
        64.3397074667405,
        46.08851258082101,
        33.175409024742294
    ],
    "integrated_errors_total": [
        54.60238428568949,
        41.47977060020891,
        30.807982320862926,
        26.747066962407786
    ],
    "convergence_rate": 0.7794379317196903
}