{
  "frame": 75000,
  "n_particles": 6408,
  "n_particles_total": 6408,
  "n_particles_filtered": 0,
  "dimension": 2,
  "stress_output_regions": null,
  "von_mises_stress": {
    "min": 0.0,
    "max": 4032.6381501445667,
    "mean": 590.6496511716658,
    "std": 782.6571727360375
  }
}