{
  "frame": 5000,
  "n_particles": 6408,
  "n_particles_total": 6408,
  "n_particles_filtered": 0,
  "dimension": 2,
  "stress_output_regions": null,
  "von_mises_stress": {
    "min": 0.0,
    "max": 53653.661397157826,
    "mean": 6474.477691438054,
    "std": 5587.291687282524
  }
}