{
    "mode": "schwarz",
    "big_domain_solve_time": 18.211079311992762,
    "small_domain_solve_time": 85.81481665802949,
    "other_time": 17.609405487970434,
    "total_time": 121.63530145799268
}