{
  "frame": 25000,
  "n_particles": 2848,
  "n_particles_total": 2848,
  "n_particles_filtered": 0,
  "dimension": 2,
  "stress_output_regions": null,
  "von_mises_stress": {
    "min": 0.0,
    "max": 132.45703376420016,
    "mean": 20.35438984579171,
    "std": 18.243741772243784
  }
}