{
    "mode": "schwarz",
    "big_domain_solve_time": 15.859076103151892,
    "small_domain_solve_time": 54.38465025602636,
    "other_time": 9.016526850762602,
    "total_time": 79.26025320994086
}