{
    "mode": "schwarz",
    "big_domain_solve_time": 261.3515823292837,
    "small_domain_solve_time": 446.2513608600566,
    "other_time": 124.72505961270508,
    "total_time": 832.3280028020454
}