{
    "mode": "single",
    "solve_time": 771.5421624450173,
    "other_time": 3.734826540970971,
    "total_time": 775.2769889859883
}