{
    "mode": "single",
    "solve_time": 4987.312390622999,
    "other_time": 5.6162711989845775,
    "total_time": 4992.928661821984
}