{
  "frame": 25000,
  "n_particles": 6408,
  "n_particles_total": 6408,
  "n_particles_filtered": 0,
  "dimension": 2,
  "stress_output_regions": null,
  "von_mises_stress": {
    "min": 0.0,
    "max": 4682.204786979283,
    "mean": 707.8205006009521,
    "std": 916.2073488329869
  }
}