{
  "frame": 55000,
  "n_particles": 6408,
  "n_particles_total": 6408,
  "n_particles_filtered": 0,
  "dimension": 2,
  "stress_output_regions": null,
  "von_mises_stress": {
    "min": 0.0,
    "max": 728.417729288439,
    "mean": 143.40006782343247,
    "std": 158.06829333897198
  }
}