{
  "dim": 2,
  "nx": 75,
  "ny": 30,
  "offset": [
    0.0,
    0.033333
  ],
  "dx_x": 0.00148148,
  "dx_y": 0.0014814666666666666,
  "material_id_used": 0,
  "mu": 38461.53846153846,
  "lambda": 57692.30769230769,
  "elasticity_model": "linear",
  "valid_mass_threshold": 1e-10,
  "valid_grid_count": 1726,
  "invalid_j_count": 0
}