{
  "frame": 2000,
  "domain1": {
    "n_particles": 5832,
    "n_particles_total": 5832,
    "n_particles_filtered": 0,
    "dimension": 2,
    "von_mises_stress": {
      "min": 19.15364387575678,
      "max": 5780.940950361067,
      "mean": 2826.2910770924254,
      "std": 1074.8794542932112
    }
  },
  "domain2": {
    "n_particles": 2631,
    "n_particles_total": 2631,
    "n_particles_filtered": 0,
    "dimension": 2,
    "von_mises_stress": {
      "min": 21.18615128723664,
      "max": 9981.966635568995,
      "mean": 5068.388784336017,
      "std": 2578.6930854822263
    }
  }
}