{
  "frame": 500,
  "n_particles": 14492,
  "n_particles_total": 14492,
  "n_particles_filtered": 0,
  "dimension": 2,
  "stress_output_regions": [
    {
      "type": "rectangle",
      "params": {
        "range": [
          [
            0.0,
            1.0
          ],
          [
            0.0,
            1.0
          ]
        ]
      }
    }
  ],
  "von_mises_stress": {
    "min": 0.0,
    "max": 266.4646909877095,
    "mean": 68.49119709342904,
    "std": 46.71652214369852
  }
}