{
    "mode": "schwarz",
    "big_domain_solve_time": 118.8030444452379,
    "small_domain_solve_time": 293.2095362169857,
    "other_time": 68.04600971875698,
    "total_time": 480.0585903809806
}