{
    "mode": "schwarz",
    "big_domain_solve_time": 11.855491756243282,
    "small_domain_solve_time": 48.900246230259654,
    "other_time": 10.724211231514346,
    "total_time": 71.47994921801728
}