{
  "dim": 2,
  "nx": 74,
  "ny": 29,
  "offset": [
    0.0,
    0.0
  ],
  "dx_x": 0.0015015,
  "dx_y": 0.0015325517241379309,
  "material_id_used": 0,
  "mu": 38461.53846153846,
  "lambda": 57692.30769230769,
  "elasticity_model": "linear",
  "valid_mass_threshold": 1e-10,
  "valid_grid_count": 0,
  "invalid_j_count": 0
}