{
    "mode": "schwarz",
    "big_domain_solve_time": 15.611925742952735,
    "small_domain_solve_time": 45.03150653906778,
    "other_time": 5.023679219011683,
    "total_time": 65.6671115010322
}