{
  "frame": 25000,
  "n_particles": 6408,
  "n_particles_total": 6408,
  "n_particles_filtered": 0,
  "dimension": 2,
  "stress_output_regions": null,
  "von_mises_stress": {
    "min": 0.0,
    "max": 40.26782699729769,
    "mean": 8.042870620145278,
    "std": 9.130371631357418
  }
}