{
    "mode": "schwarz",
    "big_domain_solve_time": 123.13826374337077,
    "small_domain_solve_time": 299.8403789157892,
    "other_time": 68.46402958863473,
    "total_time": 491.4426722477947
}