{
  "frame": 160000,
  "n_particles": 6408,
  "n_particles_total": 6408,
  "n_particles_filtered": 0,
  "dimension": 2,
  "stress_output_regions": null,
  "von_mises_stress": {
    "min": 0.0,
    "max": 1931.0639008016399,
    "mean": 346.5895749081459,
    "std": 406.3615299278078
  }
}