{
    "mode": "schwarz",
    "big_domain_solve_time": 255.40247708300376,
    "small_domain_solve_time": 1767.179423564965,
    "other_time": 17.11266860806063,
    "total_time": 2039.6945692560294
}