{
    "grid_sizes": [
        50,
        100,
        150,
        200
    ],
    "dx_values": [
        0.02,
        0.01,
        0.006666666666666667,
        0.005
    ],
    "integrated_errors_xx": [
        22.193745507333528,
        10.63692054096506,
        7.626222638872149,
        4.162142474532197
    ],
    "integrated_errors_yy": [
        122.55807839595464,
        62.60972505917439,
        37.84265457846144,
        31.090806509299266
    ],
    "integrated_errors_total": [
        72.37591195164408,
        36.62332280006972,
        22.734438608666796,
        17.626474491915733
    ],
    "convergence_rate": 1.0320610924521447
}