{
    "grid_sizes": [
        50,
        100,
        150,
        200
    ],
    "dx_values": [
        0.02,
        0.01,
        0.006666666666666667,
        0.005
    ],
    "integrated_errors_xx": [
        22.193745507333524,
        10.636920540965052,
        7.626222638872142,
        4.162142474532186
    ],
    "integrated_errors_yy": [
        122.55807839595465,
        62.60972505917441,
        37.842654578461485,
        31.090806509299306
    ],
    "integrated_errors_total": [
        72.37591195164408,
        36.62332280006973,
        22.734438608666814,
        17.626474491915747
    ],
    "solve_time":[
    370.28,
    1011.70,
    2624.09,
    5013.13
    ],
    "other_time":[
    4.38,
    3.6,
    6.74,
    19.44
    ],
    "total_time":[
    374.66,
    1015.3,
    2630.83,
    5032.57
    ],
    "convergence_rate": 1.032061092452143
}