{
    "grid_sizes": [
        20,
        40,
        60,
        80
    ],
    "dx_values": [
        0.02,
        0.01,
        0.006666666666666667,
        0.005
    ],
    "integrated_errors_xx": [
        283.6103019205537,
        82.9300770065872,
        50.65312822990098,
        32.0009014653166
    ],
    "integrated_errors_yy": [
        209.14295134223576,
        146.64651911511334,
        79.53189401130058,
        79.43283280685084
    ],
    "integrated_errors_total": [
        246.37662663139474,
        114.78829806085027,
        65.09251112060078,
        55.71686713608372
    ],
    "convergence_rate": 1.113328723769581
}