{
  "frame": 30000,
  "n_particles": 6408,
  "n_particles_total": 6408,
  "n_particles_filtered": 0,
  "dimension": 2,
  "stress_output_regions": null,
  "von_mises_stress": {
    "min": 0.0,
    "max": 11927.059472750136,
    "mean": 897.0750947461784,
    "std": 1729.6420457796494
  }
}