{
  "frame": 1000,
  "domain1": {
    "n_particles": 10368,
    "n_particles_total": 10368,
    "n_particles_filtered": 0,
    "dimension": 2,
    "von_mises_stress": {
      "min": 3.2602171548573864,
      "max": 3230.033609730824,
      "mean": 927.7810525286072,
      "std": 744.7643289752001
    }
  },
  "domain2": {
    "n_particles": 1706,
    "n_particles_total": 1706,
    "n_particles_filtered": 0,
    "dimension": 2,
    "von_mises_stress": {
      "min": 15.43457960418158,
      "max": 5530.81298425183,
      "mean": 2633.9599841167055,
      "std": 1442.7383328028677
    }
  }
}