{
  "frame": 1190,
  "domain1": {
    "n_particles": 3081,
    "n_particles_total": 3081,
    "n_particles_filtered": 0,
    "dimension": 2,
    "von_mises_stress": {
      "min": 3.8722527127503255,
      "max": 9800.766108980863,
      "mean": 227.52916132142857,
      "std": 597.7162784112102
    }
  },
  "domain2": {
    "n_particles": 1609,
    "n_particles_total": 1609,
    "n_particles_filtered": 0,
    "dimension": 2,
    "von_mises_stress": {
      "min": 5.064288054929682,
      "max": 222.85814860309924,
      "mean": 56.77883351876851,
      "std": 21.593867412338493
    }
  }
}