{
    "mode": "schwarz",
    "big_domain_solve_time": 153.8679180599138,
    "small_domain_solve_time": 352.99342014157446,
    "other_time": 52.69394305543392,
    "total_time": 559.5552812569222
}