{
    "mode": "schwarz",
    "big_domain_solve_time": 265.92621781798516,
    "small_domain_solve_time": 890.0390479513298,
    "other_time": 143.68227439492694,
    "total_time": 1299.647540164242
}