{
    "mode": "schwarz",
    "big_domain_solve_time": 26.750605830995482,
    "small_domain_solve_time": 45.86559604704598,
    "other_time": 6.120851107942144,
    "total_time": 78.73705298598361
}