{
  "frame": 5000,
  "domain1": {
    "n_particles": 5832,
    "n_particles_total": 5832,
    "n_particles_filtered": 0,
    "dimension": 2,
    "von_mises_stress": {
      "min": 20.481699989927616,
      "max": 6377.169380925194,
      "mean": 2562.9631645825625,
      "std": 1155.3585853322807
    }
  },
  "domain2": {
    "n_particles": 1706,
    "n_particles_total": 1706,
    "n_particles_filtered": 0,
    "dimension": 2,
    "von_mises_stress": {
      "min": 9.026018561786655,
      "max": 10942.555143679778,
      "mean": 5555.756432617878,
      "std": 2897.796525222265
    }
  }
}