{
  "frame": 40000,
  "n_particles": 6408,
  "n_particles_total": 6408,
  "n_particles_filtered": 0,
  "dimension": 2,
  "stress_output_regions": null,
  "von_mises_stress": {
    "min": 0.0,
    "max": 12.139907740792154,
    "mean": 2.3517979099226944,
    "std": 2.737266456062877
  }
}