{
  "frame": 200000,
  "n_particles": 6408,
  "n_particles_total": 6408,
  "n_particles_filtered": 0,
  "dimension": 2,
  "stress_output_regions": null,
  "von_mises_stress": {
    "min": 0.0,
    "max": 751.683980207169,
    "mean": 143.2650614751691,
    "std": 162.91239838099776
  }
}