{
    "grid_sizes": [
        25,
        33,
        50,
        100
    ],
    "dx_values": [
        0.016,
        0.012121212121212121,
        0.008,
        0.004
    ],
    "integrated_errors_xx": [
        127.28560531257294,
        85.1078823291534,
        24.789176094247654,
        19.006388158532367
    ],
    "integrated_errors_yy": [
        138.35013993668522,
        92.96535378494765,
        47.30681184225829,
        24.654198882913413
    ],
    "integrated_errors_total": [
        132.81787262462908,
        89.03661805705053,
        36.047993968252975,
        21.83029352072289
    ],
    "convergence_rate": 1.3298035586754935
}