{
    "grid_sizes": [
        25,
        33,
        50,
        100
    ],
    "dx_values": [
        0.016,
        0.012121212121212121,
        0.008,
        0.004
    ],
    "integrated_errors_xx": [
        NaN,
        NaN,
        12.93522070855069,
        15.054526020569671
    ],
    "integrated_errors_yy": [
        NaN,
        NaN,
        58.87503748163246,
        27.49571679707314
    ],
    "integrated_errors_total": [
        NaN,
        NaN,
        35.905129095091574,
        21.275121408821406
    ],
    "convergence_rate": 0.7550225848283473
}