{
    "grid_sizes": [
        25,
        33,
        50,
        100
    ],
    "dx_values": [
        0.016,
        0.012121212121212121,
        0.008,
        0.004
    ],
    "integrated_errors_xx": [
        121.53817717547541,
        85.1078823291534,
        20.5989779512928,
        18.76741073895991
    ],
    "integrated_errors_yy": [
        123.88533316695849,
        92.96535378494765,
        35.19690279230435,
        16.26575635502765
    ],
    "integrated_errors_total": [
        122.71175517121695,
        89.03661805705053,
        27.897940371798576,
        17.51658354699378
    ],
    "convergence_rate": 1.4723707027309052
}