{
    "grid_sizes": [
        62,
        83,
        125,
        250
    ],
    "dx_values": [
        0.016129032258064516,
        0.012048192771084338,
        0.008,
        0.004
    ],
    "integrated_errors_xx": [
        29.07593177670766,
        17.11529309257173,
        8.876569977134086,
        4.826722855744074
    ],
    "integrated_errors_yy": [
        92.62919665008606,
        85.07475845044603,
        46.583348343229154,
        22.775012697766392
    ],
    "integrated_errors_total": [
        60.85256421339686,
        51.09502577150888,
        27.72995916018162,
        13.800867776755233
    ],
    "convergence_rate": 1.1056565361106017
}