{
  "frame": 1000,
  "domain1": {
    "n_particles": 10368,
    "n_particles_total": 10368,
    "n_particles_filtered": 0,
    "dimension": 2,
    "von_mises_stress": {
      "min": 2.7698616777795846,
      "max": 3216.826225981768,
      "mean": 933.574204838029,
      "std": 743.5270629987006
    }
  },
  "domain2": {
    "n_particles": 6820,
    "n_particles_total": 6820,
    "n_particles_filtered": 0,
    "dimension": 2,
    "von_mises_stress": {
      "min": 6.499525621863147,
      "max": 6064.824829534992,
      "mean": 2645.8167196622803,
      "std": 1445.156085841709
    }
  }
}