{
    "mode": "schwarz",
    "big_domain_solve_time": 414.2172229765565,
    "small_domain_solve_time": 793.464073963929,
    "other_time": 49.04921778102289,
    "total_time": 1256.7305147215084
}