{
    "mode": "single",
    "solve_time": 383.6664714498038,
    "other_time": 24.10710678785108,
    "total_time": 407.7735782376549
}