{
  "frame": 110000,
  "n_particles": 6408,
  "n_particles_total": 6408,
  "n_particles_filtered": 0,
  "dimension": 2,
  "stress_output_regions": null,
  "von_mises_stress": {
    "min": 0.0,
    "max": 33.53974896203018,
    "mean": 6.411217490611827,
    "std": 7.5003454528314535
  }
}