{
    "mode": "schwarz",
    "big_domain_solve_time": 18.3480840989032,
    "small_domain_solve_time": 72.45410641402123,
    "other_time": 6.90757550606213,
    "total_time": 97.70976601898656
}