{
    "mode": "schwarz",
    "big_domain_solve_time": 16.76210648794222,
    "small_domain_solve_time": 59.1294584620191,
    "other_time": 9.366705755062867,
    "total_time": 85.25827070502419
}