{
    "mode": "schwarz",
    "big_domain_solve_time": 158.4619543849958,
    "small_domain_solve_time": 380.0022069109946,
    "other_time": 20.829544841006282,
    "total_time": 559.2937061369967
}