{
  "frame": 2000,
  "n_particles": 140915,
  "n_particles_total": 140915,
  "n_particles_filtered": 0,
  "dimension": 2,
  "stress_output_regions": [
    {
      "type": "rectangle",
      "params": {
        "range": [
          [
            0,
            1
          ],
          [
            0,
            1
          ]
        ]
      }
    }
  ],
  "von_mises_stress": {
    "min": 175.43681974623087,
    "max": 18544.380598117474,
    "mean": 1943.6399245736127,
    "std": 1156.6389605644672
  }
}