{
    "mode": "schwarz",
    "big_domain_solve_time": 408.4386006963032,
    "small_domain_solve_time": 879.9931981532718,
    "other_time": 49.21260339493165,
    "total_time": 1337.6444022445066
}