{
    "grid_sizes": [
        25,
        33,
        50,
        100
    ],
    "dx_values": [
        0.016,
        0.012121212121212121,
        0.008,
        0.004
    ],
    "integrated_errors_xx": [
        NaN,
        NaN,
        15.720971163045315,
        14.24718444845854
    ],
    "integrated_errors_yy": [
        NaN,
        NaN,
        22.12132020934474,
        13.15508941993901
    ],
    "integrated_errors_total": [
        NaN,
        NaN,
        18.92114568619503,
        13.701136934198775
    ],
    "convergence_rate": 0.46570383288549677
}