{
    "grid_sizes": [
        19,
        25,
        30,
        38,
        50,
        75
    ],
    "dx_values": [
        0.015789473684210527,
        0.012,
        0.01,
        0.007894736842105263,
        0.006,
        0.004
    ],
    "integrated_errors_xx": [
        206.04473844510184,
        198.1932893581862,
        238.3853346047507,
        116.39790040777046,
        89.27360300400417,
        103.60447761105223
    ],
    "integrated_errors_yy": [
        159.05981685167788,
        163.6158929977669,
        219.22363307039438,
        105.8956363678317,
        104.7015131102011,
        126.6068888364283
    ],
    "integrated_errors_total": [
        182.55227764838986,
        180.90459117797656,
        228.80448383757255,
        111.14676838780107,
        96.98755805710263,
        115.10568322374027
    ],
    "convergence_rate": 0.5124035813850154
}