{
    "grid_sizes": [
        25,
        33,
        50,
        100
    ],
    "dx_values": [
        0.016,
        0.012121212121212121,
        0.008,
        0.004
    ],
    "integrated_errors_xx": [
        114.4046463624732,
        74.16552305214397,
        7.680631288992543,
        8.85880313351005
    ],
    "integrated_errors_yy": [
        161.60105080144166,
        114.02353663916833,
        40.98514615668123,
        19.715617732427447
    ],
    "integrated_errors_total": [
        138.00284858195744,
        94.09452984565615,
        24.332888722836888,
        14.287210432968749
    ],
    "convergence_rate": 1.713607271611452
}