{
  "dim": 2,
  "nx": 80,
  "ny": 80,
  "offset": [
    0.033333,
    0.033333
  ],
  "dx_x": 0.0005555499999999999,
  "dx_y": 0.0005555499999999999,
  "material_id_used": 0,
  "mu": 38461.53846153846,
  "lambda": 57692.30769230769,
  "elasticity_model": "linear",
  "valid_mass_threshold": 1e-10,
  "valid_grid_count": 2066,
  "invalid_j_count": 0
}