{
    "mode": "schwarz",
    "big_domain_solve_time": 40.91134341698489,
    "small_domain_solve_time": 114.22703997694407,
    "other_time": 10.065066612045484,
    "total_time": 165.20345000597445
}