{
  "frame": 6500,
  "n_particles": 6365,
  "n_particles_total": 6365,
  "n_particles_filtered": 0,
  "dimension": 2,
  "stress_output_regions": [
    {
      "type": "rectangle",
      "params": {
        "range": [
          [
            0.0,
            1.0
          ],
          [
            0.0,
            1.0
          ]
        ]
      }
    }
  ],
  "von_mises_stress": {
    "min": 3.912519530570616e-06,
    "max": 249.1939347680418,
    "mean": 68.07392122272398,
    "std": 45.911657558978064
  }
}