{
    "mode": "schwarz",
    "big_domain_solve_time": 116.82264123101777,
    "small_domain_solve_time": 224.80730332552048,
    "other_time": 40.352321022743126,
    "total_time": 381.9822655792814
}