{
    "mode": "single",
    "solve_time": 46.2204365800153,
    "other_time": 1.4123783119885047,
    "total_time": 47.63281489200381
}