{
  "frame": 155000,
  "n_particles": 6408,
  "n_particles_total": 6408,
  "n_particles_filtered": 0,
  "dimension": 2,
  "stress_output_regions": null,
  "von_mises_stress": {
    "min": 0.0,
    "max": 7271.732858327466,
    "mean": 724.4107104382372,
    "std": 1214.4845049716746
  }
}