{
  "frame": 170000,
  "n_particles": 6408,
  "n_particles_total": 6408,
  "n_particles_filtered": 0,
  "dimension": 2,
  "stress_output_regions": null,
  "von_mises_stress": {
    "min": 0.0,
    "max": 39194.11694716673,
    "mean": 4247.983474892588,
    "std": 3779.1919072897044
  }
}