{
  "frame": 25000,
  "n_particles": 6408,
  "n_particles_total": 6408,
  "n_particles_filtered": 0,
  "dimension": 2,
  "stress_output_regions": null,
  "von_mises_stress": {
    "min": 0.0,
    "max": 7818.366600626622,
    "mean": 715.8521221674881,
    "std": 1289.3518918332136
  }
}