{
  "frame": 1500,
  "n_particles": 9753,
  "n_particles_total": 9753,
  "n_particles_filtered": 0,
  "dimension": 2,
  "stress_output_regions": [
    {
      "type": "rectangle",
      "params": {
        "range": [
          [
            0.0,
            1.0
          ],
          [
            0.0,
            1.0
          ]
        ]
      }
    }
  ],
  "von_mises_stress": {
    "min": 0.025386380979592466,
    "max": 236.53529398177395,
    "mean": 66.3830662687252,
    "std": 45.66287897762818
  }
}