{
  "frame": 2000,
  "domain1": {
    "n_particles": 10368,
    "n_particles_total": 10368,
    "n_particles_filtered": 0,
    "dimension": 2,
    "von_mises_stress": {
      "min": 1.4372066716223404,
      "max": 289.40930387994075,
      "mean": 144.59091103099922,
      "std": 55.621098875060014
    }
  },
  "domain2": {
    "n_particles": 10623,
    "n_particles_total": 10623,
    "n_particles_filtered": 0,
    "dimension": 2,
    "von_mises_stress": {
      "min": 0.44545073219662823,
      "max": 558.2467214314272,
      "mean": 246.30895427746535,
      "std": 126.72407806430056
    }
  }
}